"","study_id","site_id","core_id","Habitat_type","Year_collected","Latitude","Longitude","U_depth_m","L_depth_m","OC_perc","N_perc","BD_reported_g_cm3","DOI"
"2","Asanopouos_et_al_2021","Site 1_Torrens Island ","T10002","Tidal marsh",2016,-34.78475,138.5200833,0,0.1,7.660565668,0.563711402,0.561419062,"https://doi.org/10.1071/SR20040"
"3","Asanopouos_et_al_2021","Site 1_Torrens Island ","T10003","Tidal marsh",2016,-34.78475,138.5200833,0,0.1,8.031453245,0.601514106,0.411614472,"https://doi.org/10.1071/SR20040"
"4","Asanopouos_et_al_2021","Site 1_Torrens Island ","T10004","Tidal marsh",2016,-34.78475,138.5200833,0,0.1,6.818496374,0.548177118,0.576737725,"https://doi.org/10.1071/SR20040"
"5","Asanopouos_et_al_2021","Site 1_Torrens Island ","T10005","Mangrove",2016,-34.78475,138.5200833,0,0.1,2.077922084,0.169733915,0.823228943,"https://doi.org/10.1071/SR20040"
"6","Asanopouos_et_al_2021","Site 1_Torrens Island ","T10006","Mangrove",2016,-34.78475,138.5200833,0,0.1,7.812557685,0.679289026,0.334026437,"https://doi.org/10.1071/SR20040"
"7","Asanopouos_et_al_2021","Site 1_Torrens Island ","T10007","Mangrove",2016,-34.78475,138.5200833,0,0.1,6.664214409,0.548563723,0.365459538,"https://doi.org/10.1071/SR20040"
"8","Asanopouos_et_al_2021","Site 1_Torrens Island ","T10008","Mangrove",2016,-34.78475,138.5200833,0,0.1,4.111067674,0.319984093,0.684366255,"https://doi.org/10.1071/SR20040"
"9","Asanopouos_et_al_2021","Site 1_Torrens Island ","T20001","Tidal marsh",2016,-34.78488889,138.5201667,0,0.1,8.596243975,0.692862962,0.478260604,"https://doi.org/10.1071/SR20040"
"10","Asanopouos_et_al_2021","Site 1_Torrens Island ","T20002","Tidal marsh",2016,-34.78488889,138.5201667,0,0.1,8.833608149,0.747314256,0.358297566,"https://doi.org/10.1071/SR20040"
"11","Asanopouos_et_al_2021","Site 1_Torrens Island ","T20003","Tidal marsh",2016,-34.78488889,138.5201667,0,0.1,7.548323509,0.577825404,0.471695463,"https://doi.org/10.1071/SR20040"
"12","Asanopouos_et_al_2021","Site 1_Torrens Island ","T20004","Tidal marsh",2016,-34.78488889,138.5201667,0,0.1,5.577634591,0.456313166,0.555251808,"https://doi.org/10.1071/SR20040"
"13","Asanopouos_et_al_2021","Site 1_Torrens Island ","T20005","Mangrove",2016,-34.78488889,138.5201667,0,0.1,7.738993037,0.632876918,0.414399683,"https://doi.org/10.1071/SR20040"
"14","Asanopouos_et_al_2021","Site 1_Torrens Island ","T20006","Mangrove",2016,-34.78488889,138.5201667,0,0.1,5.860065848,0.488975329,0.490197225,"https://doi.org/10.1071/SR20040"
"15","Asanopouos_et_al_2021","Site 1_Torrens Island ","T20007","Mangrove",2016,-34.78488889,138.5201667,0,0.1,4.690501688,0.412546845,0.553063427,"https://doi.org/10.1071/SR20040"
"16","Asanopouos_et_al_2021","Site 1_Torrens Island ","T20008","Mangrove",2016,-34.78488889,138.5201667,0,0.1,3.948225191,0.345683771,0.571963077,"https://doi.org/10.1071/SR20040"
"17","Asanopouos_et_al_2021","Site 1_Torrens Island ","T30001","Tidal marsh",2016,-34.78491667,138.5201389,0,0.1,9.434004543,0.718023196,0.375207778,"https://doi.org/10.1071/SR20040"
"18","Asanopouos_et_al_2021","Site 1_Torrens Island ","T30002","Tidal marsh",2016,-34.78491667,138.5201389,0,0.1,8.516014564,0.653176882,0.42772891,"https://doi.org/10.1071/SR20040"
"19","Asanopouos_et_al_2021","Site 1_Torrens Island ","T30003","Tidal marsh",2016,-34.78491667,138.5201389,0,0.1,8.060766672,0.644124579,0.422954261,"https://doi.org/10.1071/SR20040"
"20","Asanopouos_et_al_2021","Site 1_Torrens Island ","T30004","Tidal marsh",2016,-34.78491667,138.5201389,0,0.1,5.476846769,0.437489329,0.490992999,"https://doi.org/10.1071/SR20040"
"21","Asanopouos_et_al_2021","Site 1_Torrens Island ","T30005","Mangrove",2016,-34.78491667,138.5201389,0,0.1,2.55659058,0.206426522,0.782047602,"https://doi.org/10.1071/SR20040"
"22","Asanopouos_et_al_2021","Site 1_Torrens Island ","T30006","Mangrove",2016,-34.78491667,138.5201389,0,0.1,6.867742063,0.544039133,0.445434897,"https://doi.org/10.1071/SR20040"
"23","Asanopouos_et_al_2021","Site 1_Torrens Island ","T30007","Mangrove",2016,-34.78491667,138.5201389,0,0.1,3.989073495,0.334840807,0.617720123,"https://doi.org/10.1071/SR20040"
"24","Asanopouos_et_al_2021","Site 1_Torrens Island ","T30008","Mangrove",2016,-34.78491667,138.5201389,0,0.1,4.458490595,0.355504633,0.695308158,"https://doi.org/10.1071/SR20040"
"25","Asanopouos_et_al_2021","Site 2_Port Gawler ","PGT40001","Tidal marsh",2016,-34.66233333,138.4476111,0,0.1,2.677556513,0.35083138,0.418975388,"https://doi.org/10.1071/SR20040"
"26","Asanopouos_et_al_2021","Site 2_Port Gawler ","PGT40002","Tidal marsh",2016,-34.66233333,138.4476111,0,0.1,1.901549271,0.253456237,0.642190195,"https://doi.org/10.1071/SR20040"
"27","Asanopouos_et_al_2021","Site 2_Port Gawler ","PGT40003","Tidal marsh",2016,-34.66233333,138.4476111,0,0.1,1.89674365,0.24517725,0.665466606,"https://doi.org/10.1071/SR20040"
"28","Asanopouos_et_al_2021","Site 2_Port Gawler ","PGT40004","Tidal marsh",2016,-34.66233333,138.4476111,0,0.1,1.473680365,0.202321239,0.816265914,"https://doi.org/10.1071/SR20040"
"29","Asanopouos_et_al_2021","Site 2_Port Gawler ","PGT40005","Mangrove",2016,-34.66233333,138.4476111,0,0.1,2.764356186,0.363472149,0.508301099,"https://doi.org/10.1071/SR20040"
"30","Asanopouos_et_al_2021","Site 2_Port Gawler ","PGT40006","Mangrove",2016,-34.66233333,138.4476111,0,0.1,3.894424549,0.483991033,0.480647928,"https://doi.org/10.1071/SR20040"
"31","Asanopouos_et_al_2021","Site 2_Port Gawler ","PGT40007","Mangrove",2016,-34.66233333,138.4476111,0,0.1,1.912243485,0.25829797,0.611353925,"https://doi.org/10.1071/SR20040"
"32","Asanopouos_et_al_2021","Site 2_Port Gawler ","PGT40008","Mangrove",2016,-34.66233333,138.4476111,0,0.1,2.278993419,0.313378109,0.560424343,"https://doi.org/10.1071/SR20040"
"33","Asanopouos_et_al_2021","Site 2_Port Gawler ","PGT50001","Tidal marsh",2016,-34.66252778,138.4476944,0,0.1,2.89657116,0.36736414,0.434492995,"https://doi.org/10.1071/SR20040"
"34","Asanopouos_et_al_2021","Site 2_Port Gawler ","PGT50002","Tidal marsh",2016,-34.66252778,138.4476944,0,0.1,2.858621194,0.389842775,0.579323993,"https://doi.org/10.1071/SR20040"
"35","Asanopouos_et_al_2021","Site 2_Port Gawler ","PGT50003","Tidal marsh",2016,-34.66252778,138.4476944,0,0.1,3.183565236,0.398300102,0.530383848,"https://doi.org/10.1071/SR20040"
"36","Asanopouos_et_al_2021","Site 2_Port Gawler ","PGT50004","Tidal marsh",2016,-34.66252778,138.4476944,0,0.1,0.264078356,0.04608829,1.095383896,"https://doi.org/10.1071/SR20040"
"37","Asanopouos_et_al_2021","Site 2_Port Gawler ","PGT50005","Mangrove",2016,-34.66252778,138.4476944,0,0.1,4.594175664,0.433409614,0.440262361,"https://doi.org/10.1071/SR20040"
"38","Asanopouos_et_al_2021","Site 2_Port Gawler ","PGT50006","Mangrove",2016,-34.66252778,138.4476944,0,0.1,1.76619859,0.244136238,0.668649705,"https://doi.org/10.1071/SR20040"
"39","Asanopouos_et_al_2021","Site 2_Port Gawler ","PGT50007","Mangrove",2016,-34.66252778,138.4476944,0,0.1,3.088946809,0.419119064,0.42613736,"https://doi.org/10.1071/SR20040"
"40","Asanopouos_et_al_2021","Site 2_Port Gawler ","PGT50008","Mangrove",2016,-34.66252778,138.4476944,0,0.1,3.388277473,0.436325217,0.389929611,"https://doi.org/10.1071/SR20040"
"41","Asanopouos_et_al_2021","Site 2_Port Gawler ","PGT60001","Tidal marsh",2016,-34.66252778,138.44775,0,0.1,3.054860961,0.385422266,0.58947012,"https://doi.org/10.1071/SR20040"
"42","Asanopouos_et_al_2021","Site 2_Port Gawler ","PGT60002","Tidal marsh",2016,-34.66252778,138.44775,0,0.1,2.379347985,0.308209241,0.520038777,"https://doi.org/10.1071/SR20040"
"43","Asanopouos_et_al_2021","Site 2_Port Gawler ","PGT60003","Tidal marsh",2016,-34.66252778,138.44775,0,0.1,2.899235909,0.364445319,0.527399693,"https://doi.org/10.1071/SR20040"
"44","Asanopouos_et_al_2021","Site 2_Port Gawler ","PGT60004","Tidal marsh",2016,-34.66252778,138.44775,0,0.1,2.279746381,0.277635907,0.479056379,"https://doi.org/10.1071/SR20040"
"45","Asanopouos_et_al_2021","Site 2_Port Gawler ","PGT60005","Mangrove",2016,-34.66252778,138.44775,0,0.1,2.805295212,0.349443139,0.497558141,"https://doi.org/10.1071/SR20040"
"46","Asanopouos_et_al_2021","Site 2_Port Gawler ","PGT60006","Mangrove",2016,-34.66252778,138.44775,0,0.1,2.41064033,0.306919311,0.601804629,"https://doi.org/10.1071/SR20040"
"47","Asanopouos_et_al_2021","Site 2_Port Gawler ","PGT60007","Mangrove",2016,-34.66252778,138.44775,0,0.1,3.350797871,0.409602637,0.505913775,"https://doi.org/10.1071/SR20040"
"48","Asanopouos_et_al_2021","Site 2_Port Gawler ","PGT60008","Mangrove",2016,-34.66252778,138.44775,0,0.1,8.949710517,0.624126894,0.293839814,"https://doi.org/10.1071/SR20040"
"49","Asanopouos_et_al_2021","Site 3_Clinton ","CLT70001","Tidal marsh",2016,-34.15036111,138.0645556,0,0.1,0.733523885,0.107288866,1.340482508,"https://doi.org/10.1071/SR20040"
"50","Asanopouos_et_al_2021","Site 3_Clinton ","CLT70002","Tidal marsh",2016,-34.15036111,138.0645556,0,0.1,0.895068617,0.139588098,1.109309953,"https://doi.org/10.1071/SR20040"
"51","Asanopouos_et_al_2021","Site 3_Clinton ","CLT70003","Tidal marsh",2016,-34.15036111,138.0645556,0,0.1,1.458465037,0.193515766,0.97283459,"https://doi.org/10.1071/SR20040"
"52","Asanopouos_et_al_2021","Site 3_Clinton ","CLT70004","Tidal marsh",2016,-34.15036111,138.0645556,0,0.1,2.010123968,0.270194286,0.996707831,"https://doi.org/10.1071/SR20040"
"53","Asanopouos_et_al_2021","Site 3_Clinton ","CLT70005","Mangrove",2016,-34.15036111,138.0645556,0,0.1,3.609103081,0.46477208,0.479255322,"https://doi.org/10.1071/SR20040"
"54","Asanopouos_et_al_2021","Site 3_Clinton ","CLT70006","Mangrove",2016,-34.15036111,138.0645556,0,0.1,3.854116533,0.456220511,0.437875037,"https://doi.org/10.1071/SR20040"
"55","Asanopouos_et_al_2021","Site 3_Clinton ","CLT70007","Mangrove",2016,-34.15036111,138.0645556,0,0.1,3.548244012,0.447668941,0.490396168,"https://doi.org/10.1071/SR20040"
"56","Asanopouos_et_al_2021","Site 3_Clinton ","CLT70008","Mangrove",2016,-34.15036111,138.0645556,0,0.1,2.894092462,0.439117372,0.602202516,"https://doi.org/10.1071/SR20040"
"57","Asanopouos_et_al_2021","Site 3_Clinton ","CLT80001","Tidal marsh",2016,-34.15036111,138.0644444,0,0.1,1.005872429,0.11645269,1.186102213,"https://doi.org/10.1071/SR20040"
"58","Asanopouos_et_al_2021","Site 3_Clinton ","CLT80002","Tidal marsh",2016,-34.15036111,138.0644444,0,0.1,1.306158619,0.245222375,1.071709598,"https://doi.org/10.1071/SR20040"
"59","Asanopouos_et_al_2021","Site 3_Clinton ","CLT80003","Tidal marsh",2016,-34.15036111,138.0644444,0,0.1,2.411363081,0.305279662,0.861227186,"https://doi.org/10.1071/SR20040"
"60","Asanopouos_et_al_2021","Site 3_Clinton ","CLT80004","Tidal marsh",2016,-34.15036111,138.0644444,0,0.1,2.164654299,0.274315016,1.029533538,"https://doi.org/10.1071/SR20040"
"61","Asanopouos_et_al_2021","Site 3_Clinton ","CLT80005","Mangrove",2016,-34.15036111,138.0644444,0,0.1,3.077643926,0.430565803,0.473883843,"https://doi.org/10.1071/SR20040"
"62","Asanopouos_et_al_2021","Site 3_Clinton ","CLT80006","Mangrove",2016,-34.15036111,138.0644444,0,0.1,4.13188508,0.422014234,0.420367993,"https://doi.org/10.1071/SR20040"
"63","Asanopouos_et_al_2021","Site 3_Clinton ","CLT80007","Mangrove",2016,-34.15036111,138.0644444,0,0.1,4.418039021,0.413462665,0.394505315,"https://doi.org/10.1071/SR20040"
"64","Asanopouos_et_al_2021","Site 3_Clinton ","CLT80008","Mangrove",2016,-34.15036111,138.0644444,0,0.1,4.102252389,0.404911096,0.455779968,"https://doi.org/10.1071/SR20040"
"65","Asanopouos_et_al_2021","Site 3_Clinton ","CLT90001","Tidal marsh",2016,-34.15041667,138.0643889,0,0.1,2.707397313,0.341693578,0.707443722,"https://doi.org/10.1071/SR20040"
"66","Asanopouos_et_al_2021","Site 3_Clinton ","CLT90002","Tidal marsh",2016,-34.15041667,138.0643889,0,0.1,2.021851263,0.241008478,0.840139156,"https://doi.org/10.1071/SR20040"
"67","Asanopouos_et_al_2021","Site 3_Clinton ","CLT90003","Tidal marsh",2016,-34.15041667,138.0643889,0,0.1,2.697966376,0.318876144,0.645373294,"https://doi.org/10.1071/SR20040"
"68","Asanopouos_et_al_2021","Site 3_Clinton ","CLT90004","Tidal marsh",2016,-34.15041667,138.0643889,0,0.1,3.439224623,0.444623615,0.595836318,"https://doi.org/10.1071/SR20040"
"69","Asanopouos_et_al_2021","Site 3_Clinton ","CLT90005","Mangrove",2016,-34.15041667,138.0643889,0,0.1,2.934470053,0.361619052,0.665267662,"https://doi.org/10.1071/SR20040"
"70","Asanopouos_et_al_2021","Site 3_Clinton ","CLT90006","Mangrove",2016,-34.15041667,138.0643889,0,0.1,3.987845913,0.396359527,0.454188419,"https://doi.org/10.1071/SR20040"
"71","Asanopouos_et_al_2021","Site 3_Clinton ","CLT90007","Mangrove",2016,-34.15041667,138.0643889,0,0.1,3.835993742,0.387807957,0.481045815,"https://doi.org/10.1071/SR20040"
"72","Asanopouos_et_al_2021","Site 3_Clinton ","CLT90008","Mangrove",2016,-34.15041667,138.0643889,0,0.1,4.314516359,0.379256388,0.374014116,"https://doi.org/10.1071/SR20040"
"73","Asanopouos_et_al_2021","Site 4_Port Wakefield","PWT10001","Tidal marsh",2016,-34.191,138.1457778,0,0.1,2.980527589,0.370521307,0.541723638,"https://doi.org/10.1071/SR20040"
"74","Asanopouos_et_al_2021","Site 4_Port Wakefield","PWT10002","Tidal marsh",2016,-34.191,138.1457778,0,0.1,2.698510424,0.359758143,0.529389129,"https://doi.org/10.1071/SR20040"
"75","Asanopouos_et_al_2021","Site 4_Port Wakefield","PWT10003","Tidal marsh",2016,-34.191,138.1457778,0,0.1,3.103025973,0.371837403,0.576339838,"https://doi.org/10.1071/SR20040"
"76","Asanopouos_et_al_2021","Site 4_Port Wakefield","PWT10004","Tidal marsh",2016,-34.191,138.1457778,0,0.1,4.278972974,0.340997331,0.682575762,"https://doi.org/10.1071/SR20040"
"77","Asanopouos_et_al_2021","Site 4_Port Wakefield","PWT10005","Mangrove",2016,-34.191,138.1457778,0,0.1,2.698739276,0.295526384,0.756781754,"https://doi.org/10.1071/SR20040"
"78","Asanopouos_et_al_2021","Site 4_Port Wakefield","PWT10006","Mangrove",2016,-34.191,138.1457778,0,0.1,3.198283838,0.385897061,0.54510568,"https://doi.org/10.1071/SR20040"
"79","Asanopouos_et_al_2021","Site 4_Port Wakefield","PWT10007","Mangrove",2016,-34.191,138.1457778,0,0.1,4.470276472,0.49218805,0.410619753,"https://doi.org/10.1071/SR20040"
"80","Asanopouos_et_al_2021","Site 4_Port Wakefield","PWT10008","Mangrove",2016,-34.191,138.1457778,0,0.1,2.98448422,0.355905473,0.709632103,"https://doi.org/10.1071/SR20040"
"81","Asanopouos_et_al_2021","Site 4_Port Wakefield","PWT11001","Tidal marsh",2016,-34.19111111,138.1458333,0,0.1,2.266554239,0.36215325,0.687151467,"https://doi.org/10.1071/SR20040"
"82","Asanopouos_et_al_2021","Site 4_Port Wakefield","PWT11002","Tidal marsh",2016,-34.19111111,138.1458333,0,0.1,2.837691886,0.353601681,0.617123292,"https://doi.org/10.1071/SR20040"
"83","Asanopouos_et_al_2021","Site 4_Port Wakefield","PWT11003","Tidal marsh",2016,-34.19111111,138.1458333,0,0.1,3.395488809,0.345050112,0.639404984,"https://doi.org/10.1071/SR20040"
"84","Asanopouos_et_al_2021","Site 4_Port Wakefield","PWT11004","Tidal marsh",2016,-34.19111111,138.1458333,0,0.1,3.184,0.336498543,0.592852163,"https://doi.org/10.1071/SR20040"
"85","Asanopouos_et_al_2021","Site 4_Port Wakefield","PWT11005","Mangrove",2016,-34.19111111,138.1458333,0,0.1,3.086455185,0.327946973,0.629258856,"https://doi.org/10.1071/SR20040"
"86","Asanopouos_et_al_2021","Site 4_Port Wakefield","PWT11006","Mangrove",2016,-34.19111111,138.1458333,0,0.1,3.067053256,0.319395404,0.547691948,"https://doi.org/10.1071/SR20040"
"87","Asanopouos_et_al_2021","Site 4_Port Wakefield","PWT11007","Mangrove",2016,-34.19111111,138.1458333,0,0.1,2.614872706,0.310843835,0.741662035,"https://doi.org/10.1071/SR20040"
"88","Asanopouos_et_al_2021","Site 4_Port Wakefield","PWT11008","Mangrove",2016,-34.19111111,138.1458333,0,0.1,2.522788655,0.302292266,0.753797599,"https://doi.org/10.1071/SR20040"
"89","Asanopouos_et_al_2021","Site 4_Port Wakefield","PWT12001","Tidal marsh",2016,-34.19122222,138.1458333,0,0.1,3.03596111,0.285189128,0.652535267,"https://doi.org/10.1071/SR20040"
"90","Asanopouos_et_al_2021","Site 4_Port Wakefield","PWT12002","Tidal marsh",2016,-34.19122222,138.1458333,0,0.1,2.79393015,0.276637558,0.681183156,"https://doi.org/10.1071/SR20040"
"91","Asanopouos_et_al_2021","Site 4_Port Wakefield","PWT12003","Tidal marsh",2016,-34.19122222,138.1458333,0,0.1,2.207423085,0.268085989,0.744248303,"https://doi.org/10.1071/SR20040"
"92","Asanopouos_et_al_2021","Site 4_Port Wakefield","PWT12004","Tidal marsh",2016,-34.19122222,138.1458333,0,0.1,1.976800782,0.25953442,0.876545849,"https://doi.org/10.1071/SR20040"
"93","Asanopouos_et_al_2021","Site 4_Port Wakefield","PWT12005","Mangrove",2016,-34.19122222,138.1458333,0,0.1,1.81926962,0.250982851,0.972436702,"https://doi.org/10.1071/SR20040"
"94","Asanopouos_et_al_2021","Site 4_Port Wakefield","PWT12006","Mangrove",2016,-34.19122222,138.1458333,0,0.1,2.069,0.242431282,0.956720152,"https://doi.org/10.1071/SR20040"
"95","Asanopouos_et_al_2021","Site 4_Port Wakefield","PWT12007","Mangrove",2016,-34.19122222,138.1458333,0,0.1,2.591430231,0.233879713,0.840735987,"https://doi.org/10.1071/SR20040"
"96","Asanopouos_et_al_2021","Site 4_Port Wakefield","PWT12008","Mangrove",2016,-34.19122222,138.1458333,0,0.1,2.350559984,0.225328144,0.872169088,"https://doi.org/10.1071/SR20040"
"97","Asanopouos_et_al_2021","Site 5_Port Pirie","PPT130001","Tidal marsh",2016,-33.15725,137.9391667,0,0.1,3.343730615,0.353747051,0.654524703,"https://doi.org/10.1071/SR20040"
"98","Asanopouos_et_al_2021","Site 5_Port Pirie","PPT130002","Tidal marsh",2016,-33.15725,137.9391667,0,0.1,2.737904656,0.31204126,0.729725414,"https://doi.org/10.1071/SR20040"
"99","Asanopouos_et_al_2021","Site 5_Port Pirie","PPT130003","Tidal marsh",2016,-33.15725,137.9391667,0,0.1,3.095430228,0.334951403,0.696700763,"https://doi.org/10.1071/SR20040"
"100","Asanopouos_et_al_2021","Site 5_Port Pirie","PPT130004","Tidal marsh",2016,-33.15725,137.9391667,0,0.1,2.957834017,0.337889646,0.688146185,"https://doi.org/10.1071/SR20040"
"101","Asanopouos_et_al_2021","Site 5_Port Pirie","PPT130005","Mangrove",2016,-33.15725,137.9391667,0,0.1,3.622017373,0.394466386,0.587679627,"https://doi.org/10.1071/SR20040"
"102","Asanopouos_et_al_2021","Site 5_Port Pirie","PPT130006","Mangrove",2016,-33.15725,137.9391667,0,0.1,2.016362703,0.250459151,0.733704288,"https://doi.org/10.1071/SR20040"
"103","Asanopouos_et_al_2021","Site 5_Port Pirie","PPT130007","Mangrove",2016,-33.15725,137.9391667,0,0.1,7.693371146,0.689736931,0.272751784,"https://doi.org/10.1071/SR20040"
"104","Asanopouos_et_al_2021","Site 5_Port Pirie","PPT130008","Mangrove",2016,-33.15725,137.9391667,0,0.1,2.97110526,0.31,0.710825765,"https://doi.org/10.1071/SR20040"
"105","Asanopouos_et_al_2021","Site 5_Port Pirie","PPT140001","Tidal marsh",2016,-33.15725,137.9391667,0,0.1,1.874379365,0.21759233,0.755787036,"https://doi.org/10.1071/SR20040"
"106","Asanopouos_et_al_2021","Site 5_Port Pirie","PPT140002","Tidal marsh",2016,-33.15725,137.9391667,0,0.1,2.782992807,0.318209765,0.701873299,"https://doi.org/10.1071/SR20040"
"107","Asanopouos_et_al_2021","Site 5_Port Pirie","PPT140003","Tidal marsh",2016,-33.15725,137.9391667,0,0.1,1.804547007,0.229778749,0.825815211,"https://doi.org/10.1071/SR20040"
"108","Asanopouos_et_al_2021","Site 5_Port Pirie","PPT140004","Tidal marsh",2016,-33.15725,137.9391667,0,0.1,2.932616587,0.342935522,0.63164618,"https://doi.org/10.1071/SR20040"
"109","Asanopouos_et_al_2021","Site 5_Port Pirie","PPT140005","Mangrove",2016,-33.15725,137.9391667,0,0.1,1.650474908,0.175799752,0.875750074,"https://doi.org/10.1071/SR20040"
"110","Asanopouos_et_al_2021","Site 5_Port Pirie","PPT140006","Mangrove",2016,-33.15725,137.9391667,0,0.1,7.387428899,0.680183045,0.301598617,"https://doi.org/10.1071/SR20040"
"111","Asanopouos_et_al_2021","Site 5_Port Pirie","PPT140007","Mangrove",2016,-33.15725,137.9391667,0,0.1,7.92266881,0.676184631,0.383364469,"https://doi.org/10.1071/SR20040"
"112","Asanopouos_et_al_2021","Site 5_Port Pirie","PPT140008","Mangrove",2016,-33.15725,137.9391667,0,0.1,5.767851188,0.555,0.336612705,"https://doi.org/10.1071/SR20040"
"113","Asanopouos_et_al_2021","Site 5_Port Pirie","PPT150001","Tidal marsh",2016,-33.15725,137.9391667,0,0.1,3.303584391,0.363661921,0.643383857,"https://doi.org/10.1071/SR20040"
"114","Asanopouos_et_al_2021","Site 5_Port Pirie","PPT150002","Tidal marsh",2016,-33.15725,137.9391667,0,0.1,1.840628488,0.232210387,0.827008873,"https://doi.org/10.1071/SR20040"
"115","Asanopouos_et_al_2021","Site 5_Port Pirie","PPT150003","Tidal marsh",2016,-33.15725,137.9391667,0,0.1,2.698498622,0.331987398,0.656116253,"https://doi.org/10.1071/SR20040"
"116","Asanopouos_et_al_2021","Site 5_Port Pirie","PPT150004","Tidal marsh",2016,-33.15725,137.9391667,0,0.1,2.718388546,0.336890269,0.657508859,"https://doi.org/10.1071/SR20040"
"117","Asanopouos_et_al_2021","Site 5_Port Pirie","PPT150005","Mangrove",2016,-33.15725,137.9391667,0,0.1,3.036087044,0.353492785,0.621102165,"https://doi.org/10.1071/SR20040"
"118","Asanopouos_et_al_2021","Site 5_Port Pirie","PPT150006","Mangrove",2016,-33.15725,137.9391667,0,0.1,3.501116442,0.401555108,0.530582792,"https://doi.org/10.1071/SR20040"
"119","Asanopouos_et_al_2021","Site 5_Port Pirie","PPT150007","Mangrove",2016,-33.15725,137.9391667,0,0.1,3.424084729,0.383147993,0.780058165,"https://doi.org/10.1071/SR20040"
"120","Asanopouos_et_al_2021","Site 5_Port Pirie","PPT150008","Mangrove",2016,-33.15725,137.9391667,0,0.1,2.427619247,0.28,0.7679226,"https://doi.org/10.1071/SR20040"
"121","Asanopouos_et_al_2021","Site 6_Mutton Cove","MCT16001","Tidal marsh",2016,-34.77536111,138.5125,0,0.1,10.51678346,0.845959363,0.248082768,"https://doi.org/10.1071/SR20040"
"122","Asanopouos_et_al_2021","Site 6_Mutton Cove","MCT16002","Tidal marsh",2016,-34.77536111,138.5125,0,0.1,8.733133525,0.752430155,0.292845095,"https://doi.org/10.1071/SR20040"
"123","Asanopouos_et_al_2021","Site 6_Mutton Cove","MCT16003","Tidal marsh",2016,-34.77536111,138.5125,0,0.1,5.605938838,0.468127013,0.411415528,"https://doi.org/10.1071/SR20040"
"124","Asanopouos_et_al_2021","Site 6_Mutton Cove","MCT16004","Tidal marsh",2016,-34.77536111,138.5125,0,0.1,7.607935398,0.616513581,0.380778201,"https://doi.org/10.1071/SR20040"
"125","Asanopouos_et_al_2021","Site 6_Mutton Cove","MCT16005","Mangrove",2016,-34.77536111,138.5125,0,0.1,5.537692314,0.489029313,0.540927863,"https://doi.org/10.1071/SR20040"
"126","Asanopouos_et_al_2021","Site 6_Mutton Cove","MCT16006","Mangrove",2016,-34.77536111,138.5125,0,0.1,4.589633556,0.409294136,0.554834026,"https://doi.org/10.1071/SR20040"
"127","Asanopouos_et_al_2021","Site 6_Mutton Cove","MCT16007","Mangrove",2016,-34.77536111,138.5125,0,0.1,5.828585422,0.590593056,0.360068164,"https://doi.org/10.1071/SR20040"
"128","Asanopouos_et_al_2021","Site 6_Mutton Cove","MCT16008","Mangrove",2016,-34.77536111,138.5125,0,0.1,5.054893666,0.442102286,0.399021337,"https://doi.org/10.1071/SR20040"
"129","Asanopouos_et_al_2021","Site 6_Mutton Cove","MCT17001","Tidal marsh",2016,-34.77486111,138.5135278,0,0.1,9.289221561,0.77015968,0.337408479,"https://doi.org/10.1071/SR20040"
"130","Asanopouos_et_al_2021","Site 6_Mutton Cove","MCT17002","Tidal marsh",2016,-34.77486111,138.5135278,0,0.1,7.883161115,0.643216062,0.357820101,"https://doi.org/10.1071/SR20040"
"131","Asanopouos_et_al_2021","Site 6_Mutton Cove","MCT17003","Tidal marsh",2016,-34.77486111,138.5135278,0,0.1,6.864481886,0.526346994,0.354577319,"https://doi.org/10.1071/SR20040"
"132","Asanopouos_et_al_2021","Site 6_Mutton Cove","MCT17004","Tidal marsh",2016,-34.77486111,138.5135278,0,0.1,6.408939688,0.522160373,0.340173796,"https://doi.org/10.1071/SR20040"
"133","Asanopouos_et_al_2021","Site 6_Mutton Cove","MCT17005","Mangrove",2016,-34.77486111,138.5135278,0,0.1,6.51773455,0.542073649,0.488108316,"https://doi.org/10.1071/SR20040"
"134","Asanopouos_et_al_2021","Site 6_Mutton Cove","MCT17006","Mangrove",2016,-34.77486111,138.5135278,0,0.1,7.194082614,0.589286989,0.357641051,"https://doi.org/10.1071/SR20040"
"135","Asanopouos_et_al_2021","Site 6_Mutton Cove","MCT17007","Mangrove",2016,-34.77486111,138.5135278,0,0.1,5.267036211,0.467673862,0.491868352,"https://doi.org/10.1071/SR20040"
"136","Asanopouos_et_al_2021","Site 6_Mutton Cove","MCT17008","Mangrove",2016,-34.77486111,138.5135278,0,0.1,4.115656309,0.358255367,0.542817828,"https://doi.org/10.1071/SR20040"
"137","Asanopouos_et_al_2021","Site 6_Mutton Cove","MCT18001","Tidal marsh",2016,-34.77477778,138.5135,0,0.1,9.643464844,0.7737569,0.252678367,"https://doi.org/10.1071/SR20040"
"138","Asanopouos_et_al_2021","Site 6_Mutton Cove","MCT18002","Tidal marsh",2016,-34.77477778,138.5135,0,0.1,10.17214201,0.801536809,0.168047726,"https://doi.org/10.1071/SR20040"
"139","Asanopouos_et_al_2021","Site 6_Mutton Cove","MCT18003","Tidal marsh",2016,-34.77477778,138.5135,0,0.1,8.845735999,0.673120722,0.325969218,"https://doi.org/10.1071/SR20040"
"140","Asanopouos_et_al_2021","Site 6_Mutton Cove","MCT18004","Tidal marsh",2016,-34.77477778,138.5135,0,0.1,9.683984517,0.807070472,0.284807771,"https://doi.org/10.1071/SR20040"
"141","Asanopouos_et_al_2021","Site 6_Mutton Cove","MCT18005","Mangrove",2016,-34.77477778,138.5135,0,0.1,4.594907435,0.383420402,0.5125386,"https://doi.org/10.1071/SR20040"
"142","Asanopouos_et_al_2021","Site 6_Mutton Cove","MCT18006","Mangrove",2016,-34.77477778,138.5135,0,0.1,7.451090767,0.656515325,0.423372043,"https://doi.org/10.1071/SR20040"
"143","Asanopouos_et_al_2021","Site 6_Mutton Cove","MCT18007","Mangrove",2016,-34.77477778,138.5135,0,0.1,4.501408425,0.423172249,0.486815182,"https://doi.org/10.1071/SR20040"
"144","Asanopouos_et_al_2021","Site 6_Mutton Cove","MCT18008","Mangrove",2016,-34.77477778,138.5135,0,0.1,5.154379852,0.469845274,0.374690525,"https://doi.org/10.1071/SR20040"
"145","Asanopouos_et_al_2021","Site 7_Port Broughton","PBT19001","Tidal marsh",2016,-33.55516667,137.9455,0,0.1,10.46164856,1.006699798,0.279217453,"https://doi.org/10.1071/SR20040"
"146","Asanopouos_et_al_2021","Site 7_Port Broughton","PBT19002","Tidal marsh",2016,-33.55516667,137.9455,0,0.1,11.19868414,1.127064414,0.245416922,"https://doi.org/10.1071/SR20040"
"147","Asanopouos_et_al_2021","Site 7_Port Broughton","PBT19003","Tidal marsh",2016,-33.55516667,137.9455,0,0.1,12.60675504,1.124995574,0.186967269,"https://doi.org/10.1071/SR20040"
"148","Asanopouos_et_al_2021","Site 7_Port Broughton","PBT19004","Tidal marsh",2016,-33.55516667,137.9455,0,0.1,14.42834422,1.381188411,0.163631176,"https://doi.org/10.1071/SR20040"
"149","Asanopouos_et_al_2021","Site 7_Port Broughton","PBT19005","Mangrove",2016,-33.55516667,137.9455,0,0.1,15.37871944,1.45487053,0.183704593,"https://doi.org/10.1071/SR20040"
"150","Asanopouos_et_al_2021","Site 7_Port Broughton","PBT19006","Mangrove",2016,-33.55516667,137.9455,0,0.1,7.336,0.772610408,0.353045453,"https://doi.org/10.1071/SR20040"
"151","Asanopouos_et_al_2021","Site 7_Port Broughton","PBT19007","Mangrove",2016,-33.55516667,137.9455,0,0.1,18.36001594,1.56807635,0.146959696,"https://doi.org/10.1071/SR20040"
"152","Asanopouos_et_al_2021","Site 7_Port Broughton","PBT19008","Mangrove",2016,-33.55516667,137.9455,0,0.1,15.98,0.841,0.229342273,"https://doi.org/10.1071/SR20040"
"153","Asanopouos_et_al_2021","Site 7_Port Broughton","PBT20001","Tidal marsh",2016,-33.55525,137.9454444,0,0.1,11.63483415,1.07914889,0.230854245,"https://doi.org/10.1071/SR20040"
"154","Asanopouos_et_al_2021","Site 7_Port Broughton","PBT20002","Tidal marsh",2016,-33.55525,137.9454444,0,0.1,15.10589798,1.439868354,0.271757065,"https://doi.org/10.1071/SR20040"
"155","Asanopouos_et_al_2021","Site 7_Port Broughton","PBT20003","Tidal marsh",2016,-33.55525,137.9454444,0,0.1,11.45217513,1.038247242,0.297400906,"https://doi.org/10.1071/SR20040"
"156","Asanopouos_et_al_2021","Site 7_Port Broughton","PBT20004","Tidal marsh",2016,-33.55525,137.9454444,0,0.1,14.12497254,1.258748643,0.259919916,"https://doi.org/10.1071/SR20040"
"157","Asanopouos_et_al_2021","Site 7_Port Broughton","PBT20005","Mangrove",2016,-33.55525,137.9454444,0,0.1,15.68768799,1.420762237,0.202584348,"https://doi.org/10.1071/SR20040"
"158","Asanopouos_et_al_2021","Site 7_Port Broughton","PBT20006","Mangrove",2016,-33.55525,137.9454444,0,0.1,11.40574804,0.925927127,0.243049492,"https://doi.org/10.1071/SR20040"
"159","Asanopouos_et_al_2021","Site 7_Port Broughton","PBT20007","Mangrove",2016,-33.55525,137.9454444,0,0.1,14.56834192,1.150382123,0.172046493,"https://doi.org/10.1071/SR20040"
"160","Asanopouos_et_al_2021","Site 7_Port Broughton","PBT20008","Mangrove",2016,-33.55525,137.9454444,0,0.1,15.79177109,1.377364267,0.247883824,"https://doi.org/10.1071/SR20040"
"161","Asanopouos_et_al_2021","Site 7_Port Broughton","PBT21001","Tidal marsh",2016,-33.55525,137.9454444,0,0.1,8.286575807,0.806292966,0.375963764,"https://doi.org/10.1071/SR20040"
"162","Asanopouos_et_al_2021","Site 7_Port Broughton","PBT21002","Tidal marsh",2016,-33.55525,137.9454444,0,0.1,5.91001518,0.67163492,0.394744048,"https://doi.org/10.1071/SR20040"
"163","Asanopouos_et_al_2021","Site 7_Port Broughton","PBT21003","Tidal marsh",2016,-33.55525,137.9454444,0,0.1,9.23507879,1.001040124,0.216490511,"https://doi.org/10.1071/SR20040"
"164","Asanopouos_et_al_2021","Site 7_Port Broughton","PBT21004","Tidal marsh",2016,-33.55525,137.9454444,0,0.1,7.350072788,0.791142497,0.248142451,"https://doi.org/10.1071/SR20040"
"165","Asanopouos_et_al_2021","Site 7_Port Broughton","PBT21005","Mangrove",2016,-33.55525,137.9454444,0,0.1,16.78166037,1.432412439,0.229322379,"https://doi.org/10.1071/SR20040"
"166","Asanopouos_et_al_2021","Site 7_Port Broughton","PBT21006","Mangrove",2016,-33.55525,137.9454444,0,0.1,17.62325688,1.363445321,0.208353715,"https://doi.org/10.1071/SR20040"
"167","Asanopouos_et_al_2021","Site 7_Port Broughton","PBT21007","Mangrove",2016,-33.55525,137.9454444,0,0.1,2.35908591,0.282784438,0.570152689,"https://doi.org/10.1071/SR20040"
"168","Asanopouos_et_al_2021","Site 7_Port Broughton","PBT21008","Mangrove",2016,-33.55525,137.9454444,0,0.1,1.807577403,0.226589355,0.640121181,"https://doi.org/10.1071/SR20040"
"169","Asanopouos_et_al_2021","Site 8_Port Patterson ","PPAT22001","Tidal marsh",2016,-32.49086111,137.7542222,0,0.1,1.366943545,0.173830152,0.962191103,"https://doi.org/10.1071/SR20040"
"170","Asanopouos_et_al_2021","Site 8_Port Patterson ","PPAT22002","Tidal marsh",2016,-32.49086111,137.7542222,0,0.1,0.838150905,0.107458153,1.069640584,"https://doi.org/10.1071/SR20040"
"171","Asanopouos_et_al_2021","Site 8_Port Patterson ","PPAT22003","Tidal marsh",2016,-32.49086111,137.7542222,0,0.1,0.782567759,0.105492431,1.050004843,"https://doi.org/10.1071/SR20040"
"172","Asanopouos_et_al_2021","Site 8_Port Patterson ","PPAT22004","Tidal marsh",2016,-32.49086111,137.7542222,0,0.1,0.765935545,0.101563927,0.969532125,"https://doi.org/10.1071/SR20040"
"173","Asanopouos_et_al_2021","Site 8_Port Patterson ","PPAT22005","Mangrove",2016,-32.49086111,137.7542222,0,0.1,1.67155294,0.202493275,0.782107285,"https://doi.org/10.1071/SR20040"
"174","Asanopouos_et_al_2021","Site 8_Port Patterson ","PPAT22006","Mangrove",2016,-32.49086111,137.7542222,0,0.1,1.306641427,0.165131581,0.801464505,"https://doi.org/10.1071/SR20040"
"175","Asanopouos_et_al_2021","Site 8_Port Patterson ","PPAT22007","Mangrove",2016,-32.49086111,137.7542222,0,0.1,1.287332582,0.163701053,0.868050954,"https://doi.org/10.1071/SR20040"
"176","Asanopouos_et_al_2021","Site 8_Port Patterson ","PPAT22008","Mangrove",2016,-32.49086111,137.7542222,0,0.1,0.704,0.316,1.066835478,"https://doi.org/10.1071/SR20040"
"177","Asanopouos_et_al_2021","Site 8_Port Patterson ","PPAT23001","Tidal marsh",2016,-32.57611111,137.8319722,0,0.1,0.909561407,0.117029036,0.925863987,"https://doi.org/10.1071/SR20040"
"178","Asanopouos_et_al_2021","Site 8_Port Patterson ","PPAT23002","Tidal marsh",2016,-32.57611111,137.8319722,0,0.1,1.014998188,0.12904316,0.985586879,"https://doi.org/10.1071/SR20040"
"179","Asanopouos_et_al_2021","Site 8_Port Patterson ","PPAT23003","Tidal marsh",2016,-32.57611111,137.8319722,0,0.1,0.810696574,0.106532119,0.91303212,"https://doi.org/10.1071/SR20040"
"180","Asanopouos_et_al_2021","Site 8_Port Patterson ","PPAT23004","Tidal marsh",2016,-32.57611111,137.8319722,0,0.1,1.188462481,0.148450107,0.865723313,"https://doi.org/10.1071/SR20040"
"181","Asanopouos_et_al_2021","Site 8_Port Patterson ","PPAT23005","Mangrove",2016,-32.57611111,137.8319722,0,0.1,1.078302242,0.138038309,0.752623832,"https://doi.org/10.1071/SR20040"
"182","Asanopouos_et_al_2021","Site 8_Port Patterson ","PPAT23006","Mangrove",2016,-32.57611111,137.8319722,0,0.1,1.404082483,0.175916173,0.787618025,"https://doi.org/10.1071/SR20040"
"183","Asanopouos_et_al_2021","Site 8_Port Patterson ","PPAT23007","Mangrove",2016,-32.57611111,137.8319722,0,0.1,1.083256857,0.138187201,0.759606755,"https://doi.org/10.1071/SR20040"
"184","Asanopouos_et_al_2021","Site 8_Port Patterson ","PPAT23008","Mangrove",2016,-32.57611111,137.8319722,0,0.1,0.954,0.135250839,0.873322961,"https://doi.org/10.1071/SR20040"
"185","Asanopouos_et_al_2021","Site 8_Port Patterson ","PPAT24001","Tidal marsh",2016,-32.57625,137.8318611,0,0.1,0.766778251,0.107583139,0.965951138,"https://doi.org/10.1071/SR20040"
"186","Asanopouos_et_al_2021","Site 8_Port Patterson ","PPAT24002","Tidal marsh",2016,-32.57625,137.8318611,0,0.1,0.831080039,0.11589689,1.007828783,"https://doi.org/10.1071/SR20040"
"187","Asanopouos_et_al_2021","Site 8_Port Patterson ","PPAT24003","Tidal marsh",2016,-32.57625,137.8318611,0,0.1,0.998855012,0.135151976,0.869105355,"https://doi.org/10.1071/SR20040"
"188","Asanopouos_et_al_2021","Site 8_Port Patterson ","PPAT24004","Tidal marsh",2016,-32.57625,137.8318611,0,0.1,0.904926731,0.121819788,0.884861695,"https://doi.org/10.1071/SR20040"
"189","Asanopouos_et_al_2021","Site 8_Port Patterson ","PPAT24005","Mangrove",2016,-32.57625,137.8318611,0,0.1,1.223454861,0.163876704,0.697357278,"https://doi.org/10.1071/SR20040"
"190","Asanopouos_et_al_2021","Site 8_Port Patterson ","PPAT24006","Mangrove",2016,-32.57625,137.8318611,0,0.1,1.465108818,0.163718716,0.674299705,"https://doi.org/10.1071/SR20040"
"191","Asanopouos_et_al_2021","Site 8_Port Patterson ","PPAT24007","Mangrove",2016,-32.57625,137.8318611,0,0.1,0.958208343,0.124868991,0.869204827,"https://doi.org/10.1071/SR20040"
"192","Asanopouos_et_al_2021","Site 8_Port Patterson ","PPAT24008","Mangrove",2016,-32.57625,137.8318611,0,0.1,1.276572235,0.160931877,0.799773483,"https://doi.org/10.1071/SR20040"
"193","Asanopouos_et_al_2021","Site 9_Port Augusta","PAGT25001","Tidal marsh",2016,-33.60036111,137.9297222,0,0.1,1.452409363,0.166646185,0.540390715,"https://doi.org/10.1071/SR20040"
"194","Asanopouos_et_al_2021","Site 9_Port Augusta","PAGT25002","Tidal marsh",2016,-33.60036111,137.9297222,0,0.1,1.196840946,0.131214405,0.811312217,"https://doi.org/10.1071/SR20040"
"195","Asanopouos_et_al_2021","Site 9_Port Augusta","PAGT25003","Tidal marsh",2016,-33.60036111,137.9297222,0,0.1,0.627809906,0.080574525,1.106027383,"https://doi.org/10.1071/SR20040"
"196","Asanopouos_et_al_2021","Site 9_Port Augusta","PAGT25004","Tidal marsh",2016,-33.60036111,137.9297222,0,0.1,0.452,0.067512567,1.059315407,"https://doi.org/10.1071/SR20040"
"197","Asanopouos_et_al_2021","Site 9_Port Augusta","PAGT25005","Mangrove",2016,-33.60036111,137.9297222,0,0.1,0.958251147,0.114691912,0.959505363,"https://doi.org/10.1071/SR20040"
"198","Asanopouos_et_al_2021","Site 9_Port Augusta","PAGT25006","Mangrove",2016,-33.60036111,137.9297222,0,0.1,2.376456304,0.264457962,0.65810569,"https://doi.org/10.1071/SR20040"
"199","Asanopouos_et_al_2021","Site 9_Port Augusta","PAGT25007","Mangrove",2016,-33.60036111,137.9297222,0,0.1,1.762699271,0.206758809,0.630014842,"https://doi.org/10.1071/SR20040"
"200","Asanopouos_et_al_2021","Site 9_Port Augusta","PAGT25008","Mangrove",2016,-33.60036111,137.9297222,0,0.1,1.731545794,0.171472382,0.63355604,"https://doi.org/10.1071/SR20040"
"201","Asanopouos_et_al_2021","Site 9_Port Augusta","PAGT26001","Tidal marsh",2016,-32.49080556,137.7543056,0,0.1,0.619533961,0.067093195,1.254538839,"https://doi.org/10.1071/SR20040"
"202","Asanopouos_et_al_2021","Site 9_Port Augusta","PAGT26002","Tidal marsh",2016,-32.49080556,137.7543056,0,0.1,0.182,0.016554371,1.233868591,"https://doi.org/10.1071/SR20040"
"203","Asanopouos_et_al_2021","Site 9_Port Augusta","PAGT26003","Tidal marsh",2016,-32.49080556,137.7543056,0,0.1,0.459,0.048948715,1.012245332,"https://doi.org/10.1071/SR20040"
"204","Asanopouos_et_al_2021","Site 9_Port Augusta","PAGT26004","Tidal marsh",2016,-32.49080556,137.7543056,0,0.1,0.595427386,0.070052337,0.998756951,"https://doi.org/10.1071/SR20040"
"205","Asanopouos_et_al_2021","Site 9_Port Augusta","PAGT26005","Mangrove",2016,-32.49080556,137.7543056,0,0.1,0.797082173,0.093236271,0.848594262,"https://doi.org/10.1071/SR20040"
"206","Asanopouos_et_al_2021","Site 9_Port Augusta","PAGT26006","Mangrove",2016,-32.49080556,137.7543056,0,0.1,0.771283963,0.069290249,0.810854646,"https://doi.org/10.1071/SR20040"
"207","Asanopouos_et_al_2021","Site 9_Port Augusta","PAGT26007","Mangrove",2016,-32.49080556,137.7543056,0,0.1,1.572509206,0.177529083,0.893217329,"https://doi.org/10.1071/SR20040"
"208","Asanopouos_et_al_2021","Site 9_Port Augusta","PAGT26008","Mangrove",2016,-32.49080556,137.7543056,0,0.1,0.818317879,0.085345235,1.08233319,"https://doi.org/10.1071/SR20040"
"209","Asanopouos_et_al_2021","Site 9_Port Augusta","PAGT27001","Tidal marsh",2016,-32.49083333,137.75425,0,0.1,1.566763406,0.161673645,0.841193557,"https://doi.org/10.1071/SR20040"
"210","Asanopouos_et_al_2021","Site 9_Port Augusta","PAGT27002","Tidal marsh",2016,-32.49083333,137.75425,0,0.1,1.593471346,0.172188544,0.90579057,"https://doi.org/10.1071/SR20040"
"211","Asanopouos_et_al_2021","Site 9_Port Augusta","PAGT27003","Tidal marsh",2016,-32.49083333,137.75425,0,0.1,1.768264596,0.212755772,0.705076292,"https://doi.org/10.1071/SR20040"
"212","Asanopouos_et_al_2021","Site 9_Port Augusta","PAGT27004","Tidal marsh",2016,-32.49083333,137.75425,0,0.1,0.50193977,0.04786715,1.347445537,"https://doi.org/10.1071/SR20040"
"213","Asanopouos_et_al_2021","Site 9_Port Augusta","PAGT27005","Mangrove",2016,-32.49083333,137.75425,0,0.1,0.884629639,0.060356764,1.230844647,"https://doi.org/10.1071/SR20040"
"214","Asanopouos_et_al_2021","Site 9_Port Augusta","PAGT27006","Mangrove",2016,-32.49083333,137.75425,0,0.1,1.02292195,0.082282193,0.912057296,"https://doi.org/10.1071/SR20040"
"215","Asanopouos_et_al_2021","Site 9_Port Augusta","PAGT27007","Mangrove",2016,-32.49083333,137.75425,0,0.1,1.512682316,0.079397277,1.027882306,"https://doi.org/10.1071/SR20040"
"216","Asanopouos_et_al_2021","Site 9_Port Augusta","PAGT27008","Mangrove",2016,-32.49083333,137.75425,0,0.1,0.867853493,0.054414605,1.165949219,"https://doi.org/10.1071/SR20040"
