"","study_id","site_id","core_id","Habitat_type","Year_collected","Latitude","Longitude","U_depth_m","L_depth_m","OC_perc","N_perc","BD_reported_g_cm3","DOI"
"1","jupin_et_al_unpublished","CP","LTMCA02","Mangrove",2021,18.640306,-91.272361,0.08,0.07,27.93199784,1.518648472,0.105222638,"in_submission"
"2","jupin_et_al_unpublished","CP","LTMCA02","Mangrove",2021,18.640306,-91.272361,0.1,0.09,29.241778,1.425278459,0.124359428,"in_submission"
"3","jupin_et_al_unpublished","CP","LTMCA02","Mangrove",2021,18.640306,-91.272361,0.14,0.13,28.78055355,1.477129812,0.125250696,"in_submission"
"4","jupin_et_al_unpublished","CP","LTMCA02","Mangrove",2021,18.640306,-91.272361,0.06,0.05,30.02183362,1.56205916,0.143381627,"in_submission"
"5","jupin_et_al_unpublished","CP","LTMCA02","Mangrove",2021,18.640306,-91.272361,0.01,0,29.89836238,1.486773163,0.144234698,"in_submission"
"6","jupin_et_al_unpublished","CP","LTMCA02","Mangrove",2021,18.640306,-91.272361,0.12,0.11,31.56413248,1.520560081,0.149556839,"in_submission"
"7","jupin_et_al_unpublished","CP","LTMCA02","Mangrove",2021,18.640306,-91.272361,0.04,0.03,27.82954253,1.566211436,0.152281572,"in_submission"
"8","jupin_et_al_unpublished","CP","LTMCA02","Mangrove",2021,18.640306,-91.272361,0.02,0.01,29.10565531,1.385809573,0.173582869,"in_submission"
"9","jupin_et_al_unpublished","CP","LTMCA02","Mangrove",2021,18.640306,-91.272361,0.22,0.21,25.98525065,1.30383355,0.17470332,"in_submission"
"10","jupin_et_al_unpublished","CP","LTMCA02","Mangrove",2021,18.640306,-91.272361,0.46,0.45,24.1204987,0.882306674,0.183055771,"in_submission"
"11","jupin_et_al_unpublished","CP","LTMCA02","Mangrove",2021,18.640306,-91.272361,0.16,0.15,31.97613599,1.409495015,0.183768786,"in_submission"
"12","jupin_et_al_unpublished","CP","LTMCA02","Mangrove",2021,18.640306,-91.272361,0.36,0.35,24.88444613,1.081903626,0.188619828,"in_submission"
"13","jupin_et_al_unpublished","CP","LTMCA02","Mangrove",2021,18.640306,-91.272361,0.2,0.19,24.10890994,1.259557346,0.192286758,"in_submission"
"14","jupin_et_al_unpublished","CP","LTMCA02","Mangrove",2021,18.640306,-91.272361,0.18,0.17,26.89673244,1.292593761,0.194463998,"in_submission"
"15","jupin_et_al_unpublished","CP","LTMCA02","Mangrove",2021,18.640306,-91.272361,0.24,0.23,27.61975062,1.30111629,0.197061406,"in_submission"
"16","jupin_et_al_unpublished","CP","LTMCA02","Mangrove",2021,18.640306,-91.272361,0.34,0.33,23.33663895,1.091268243,0.197303322,"in_submission"
"17","jupin_et_al_unpublished","CP","LTMCA02","Mangrove",2021,18.640306,-91.272361,0.52,0.51,27.26141568,0.833051554,0.201517745,"in_submission"
"18","jupin_et_al_unpublished","CP","LTMCA02","Mangrove",2021,18.640306,-91.272361,0.32,0.31,24.85039883,1.14360391,0.209259041,"in_submission"
"19","jupin_et_al_unpublished","CP","LTMCA02","Mangrove",2021,18.640306,-91.272361,0.3,0.29,27.34308563,1.19528246,0.209602816,"in_submission"
"20","jupin_et_al_unpublished","CP","LTMCA02","Mangrove",2021,18.640306,-91.272361,0.28,0.27,24.1367004,1.164545231,0.214008225,"in_submission"
"21","jupin_et_al_unpublished","CP","LTMCA02","Mangrove",2021,18.640306,-91.272361,0.38,0.37,22.21716847,0.940940423,0.214874028,"in_submission"
"22","jupin_et_al_unpublished","CP","LTMCA02","Mangrove",2021,18.640306,-91.272361,0.26,0.25,28.98933739,1.309697836,0.238428959,"in_submission"
"23","jupin_et_al_unpublished","CP","LTMCA02","Mangrove",2021,18.640306,-91.272361,0.48,0.47,22.68382,0.944226375,0.239294762,"in_submission"
"24","jupin_et_al_unpublished","CP","LTMCA02","Mangrove",2021,18.640306,-91.272361,0.5,0.49,22.95909293,0.95516291,0.240657128,"in_submission"
"25","jupin_et_al_unpublished","CP","LTMCA02","Mangrove",2021,18.640306,-91.272361,0.56,0.55,17.39621519,0.474017583,0.247761805,"in_submission"
"26","jupin_et_al_unpublished","CP","LTMCA03","Mangrove",2021,18.627417,-91.279389,0.41,0.4,4.259078967,0.239743595,0.253873355,"in_submission"
"27","jupin_et_al_unpublished","CP","LTMCA02","Mangrove",2021,18.640306,-91.272361,0.4,0.39,18.67276104,0.915870616,0.258902651,"in_submission"
"28","jupin_et_al_unpublished","CP","LTMCA02","Mangrove",2021,18.640306,-91.272361,0.6,0.59,12.20326598,0.523350296,0.297367218,"in_submission"
"29","jupin_et_al_unpublished","CP","LTMCA02","Mangrove",2021,18.640306,-91.272361,0.54,0.53,19.29767751,0.640912464,0.311130937,"in_submission"
"30","jupin_et_al_unpublished","PDE","LTMPA01","Mangrove",2021,18.338861,-91.795917,0.02,0.01,10.38272599,0.491464059,0.325021981,"in_submission"
"31","jupin_et_al_unpublished","CP","LTMCA02","Mangrove",2021,18.640306,-91.272361,0.44,0.43,18.70872487,0.677813901,0.330560573,"in_submission"
"32","jupin_et_al_unpublished","CP","LTMCA03","Mangrove",2021,18.627417,-91.279389,0.02,0.01,11.73968264,0.688923799,0.332292178,"in_submission"
"33","jupin_et_al_unpublished","CP","LTMCA03","Mangrove",2021,18.627417,-91.279389,0.31,0.3,3.647059383,0.264274166,0.336162827,"in_submission"
"34","jupin_et_al_unpublished","CP","LTMCA02","Mangrove",2021,18.640306,-91.272361,0.42,0.41,19.66010137,0.643379575,0.339027616,"in_submission"
"35","jupin_et_al_unpublished","EV","EVC02","Mangrove",2021,23.438944,-106.573861,0.01,0,8.903763151,0.390334222,0.339357385,"in_submission"
"36","jupin_et_al_unpublished","CP","LTMCA03","Mangrove",2021,18.627417,-91.279389,0.57,0.56,4.118075293,0.300585899,0.3555288,"in_submission"
"37","jupin_et_al_unpublished","CP","LTMCA03","Mangrove",2021,18.627417,-91.279389,0.54,0.53,3.883068611,0.250395132,0.358228068,"in_submission"
"38","jupin_et_al_unpublished","CP","LTMCA02","Mangrove",2021,18.640306,-91.272361,0.62,0.61,13.97654831,0.433222105,0.359845082,"in_submission"
"39","jupin_et_al_unpublished","CP","LTMCA03","Mangrove",2021,18.627417,-91.279389,0.44,0.43,3.892354664,0.216829803,0.38019145,"in_submission"
"40","jupin_et_al_unpublished","CP","LTMCA03","Mangrove",2021,18.627417,-91.279389,0.39,0.38,3.484123909,0.231196447,0.381630211,"in_submission"
"41","jupin_et_al_unpublished","CP","LTMCA03","Mangrove",2021,18.627417,-91.279389,0.04,0.03,8.138502143,0.563083229,0.386481253,"in_submission"
"42","jupin_et_al_unpublished","CP","LTMCA03","Mangrove",2021,18.627417,-91.279389,0.71,0.7,2.625973886,0.180530882,0.389218718,"in_submission"
"43","jupin_et_al_unpublished","PDE","LTMPA01","Mangrove",2021,18.338861,-91.795917,0.04,0.03,8.997812576,0.515730424,0.395011958,"in_submission"
"44","jupin_et_al_unpublished","CP","LTMCA03","Mangrove",2021,18.627417,-91.279389,0.64,0.63,4.020518779,0.206253118,0.411640467,"in_submission"
"45","jupin_et_al_unpublished","CP","LTMCA03","Mangrove",2021,18.627417,-91.279389,0.05,0.04,9.471685911,0.463301017,0.415472918,"in_submission"
"46","jupin_et_al_unpublished","CP","LTMCA03","Mangrove",2021,18.627417,-91.279389,0.49,0.48,3.059312079,0.258204764,0.416198664,"in_submission"
"47","jupin_et_al_unpublished","CP","LTMCA03","Mangrove",2021,18.627417,-91.279389,0.52,0.51,3.658245968,0.311244139,0.42042582,"in_submission"
"48","jupin_et_al_unpublished","CP","LTMCA02","Mangrove",2021,18.640306,-91.272361,0.58,0.57,23.60785809,0.385979578,0.422615792,"in_submission"
"49","jupin_et_al_unpublished","PDE","LTMPA01","Mangrove",2021,18.338861,-91.795917,0.19,0.18,3.951659786,0.261916911,0.433680243,"in_submission"
"50","jupin_et_al_unpublished","CP","LTMCA03","Mangrove",2021,18.627417,-91.279389,0.14,0.13,4.850914339,0.409711368,0.433909427,"in_submission"
"51","jupin_et_al_unpublished","CP","LTMCA01","Mangrove",2021,18.619833,-91.267861,0.02,0.01,7.581631302,0.523898065,0.435017145,"in_submission"
"52","jupin_et_al_unpublished","CP","LTMCA03","Mangrove",2021,18.627417,-91.279389,0.46,0.45,3.318327538,0.230036542,0.439982779,"in_submission"
"53","jupin_et_al_unpublished","PDE","LTMPA01","Mangrove",2021,18.338861,-91.795917,0.51,0.5,2.092519399,0.122028207,0.440046441,"in_submission"
"54","jupin_et_al_unpublished","CP","LTMCA03","Mangrove",2021,18.627417,-91.279389,0.61,0.6,3.716935325,0.219658045,0.442261878,"in_submission"
"55","jupin_et_al_unpublished","PDE","LTMPA01","Mangrove",2021,18.338861,-91.795917,0.12,0.11,4.676793701,0.265396618,0.442885765,"in_submission"
"56","jupin_et_al_unpublished","CP","LTMCA03","Mangrove",2021,18.627417,-91.279389,0.29,0.28,4.105174406,0.265421031,0.447227512,"in_submission"
"57","jupin_et_al_unpublished","CP","LTMCA03","Mangrove",2021,18.627417,-91.279389,0.6,0.59,5.258823257,0.202898338,0.447329371,"in_submission"
"58","jupin_et_al_unpublished","PDE","LTMPA01","Mangrove",2021,18.338861,-91.795917,0.05,0.04,8.402009117,0.472464181,0.452587851,"in_submission"
"59","jupin_et_al_unpublished","PDE","LTMPA01","Mangrove",2021,18.338861,-91.795917,0.13,0.12,7.750234136,0.343197447,0.458826724,"in_submission"
"60","jupin_et_al_unpublished","PDE","LTMPA01","Mangrove",2021,18.338861,-91.795917,0.53,0.52,2.026606279,0.119267006,0.460851175,"in_submission"
"61","jupin_et_al_unpublished","CP","LTMCA03","Mangrove",2021,18.627417,-91.279389,0.1,0.09,6.134058431,0.492312099,0.461271344,"in_submission"
"62","jupin_et_al_unpublished","CP","LTMCA03","Mangrove",2021,18.627417,-91.279389,0.2,0.19,4.556799841,0.415801041,0.46762481,"in_submission"
"63","jupin_et_al_unpublished","CP","LTMCA03","Mangrove",2021,18.627417,-91.279389,0.62,0.61,5.006569745,0.190559354,0.468388753,"in_submission"
"64","jupin_et_al_unpublished","CP","LTMCA03","Mangrove",2021,18.627417,-91.279389,0.09,0.08,7.398577003,0.535824807,0.473290726,"in_submission"
"65","jupin_et_al_unpublished","CP","LTMCA03","Mangrove",2021,18.627417,-91.279389,0.12,0.11,5.454835526,0.464868528,0.473965543,"in_submission"
"66","jupin_et_al_unpublished","PDE","LTMPA01","Mangrove",2021,18.338861,-91.795917,0.06,0.05,8.701251486,0.479507632,0.479707853,"in_submission"
"67","jupin_et_al_unpublished","PDE","LTMPA01","Mangrove",2021,18.338861,-91.795917,0.17,0.16,4.671631939,0.29478955,0.483081938,"in_submission"
"68","jupin_et_al_unpublished","CP","LTMCA01","Mangrove",2021,18.619833,-91.267861,0.01,0,14.32375056,0.522194837,0.48399867,"in_submission"
"69","jupin_et_al_unpublished","CP","LTMCA03","Mangrove",2021,18.627417,-91.279389,0.25,0.24,3.709506116,0.296020032,0.484024135,"in_submission"
"70","jupin_et_al_unpublished","CP","LTMCA01","Mangrove",2021,18.619833,-91.267861,0.16,0.15,2.377021821,0.23043351,0.486634276,"in_submission"
"71","jupin_et_al_unpublished","PDE","LTMPA01","Mangrove",2021,18.338861,-91.795917,0.07,0.06,6.789039543,0.428845076,0.486965318,"in_submission"
"72","jupin_et_al_unpublished","CP","LTMCA03","Mangrove",2021,18.627417,-91.279389,0.08,0.07,6.39750553,0.530923318,0.487334558,"in_submission"
"73","jupin_et_al_unpublished","CP","LTMCA03","Mangrove",2021,18.627417,-91.279389,0.11,0.1,5.996218773,0.53268572,0.491587178,"in_submission"
"74","jupin_et_al_unpublished","CP","LTMCA03","Mangrove",2021,18.627417,-91.279389,0.19,0.18,4.689573831,0.413214369,0.49191822,"in_submission"
"75","jupin_et_al_unpublished","PDE","LTMPA01","Mangrove",2021,18.338861,-91.795917,0.59,0.58,2.451220734,0.136183948,0.492643967,"in_submission"
"76","jupin_et_al_unpublished","EV","EVC02","Mangrove",2021,23.438944,-106.573861,0.04,0.03,6.31201903,0.395640593,0.493208012,"in_submission"
"77","jupin_et_al_unpublished","PDE","LTMPA01","Mangrove",2021,18.338861,-91.795917,0.15,0.14,5.364060649,0.319338143,0.494872136,"in_submission"
"78","jupin_et_al_unpublished","PDE","LTMPA01","Mangrove",2021,18.338861,-91.795917,0.28,0.27,2.948575695,0.205886246,0.500487122,"in_submission"
"79","jupin_et_al_unpublished","CP","LTMCA03","Mangrove",2021,18.627417,-91.279389,0.68,0.67,2.673220124,0.217944047,0.500512587,"in_submission"
"80","jupin_et_al_unpublished","CP","LTMCA03","Mangrove",2021,18.627417,-91.279389,0.01,0,9.080949257,0.66405669,0.511169602,"in_submission"
"81","jupin_et_al_unpublished","CP","LTMCA03","Mangrove",2021,18.627417,-91.279389,0.22,0.21,5.083308518,0.347666144,0.515969715,"in_submission"
"82","jupin_et_al_unpublished","CP","LTMCA01","Mangrove",2021,18.619833,-91.267861,0.22,0.21,2.013296136,0.166556755,0.517866842,"in_submission"
"83","jupin_et_al_unpublished","CP","LTMCA03","Mangrove",2021,18.627417,-91.279389,0.58,0.57,4.184902178,0.212115674,0.524882392,"in_submission"
"84","jupin_et_al_unpublished","PDE","LTMPA01","Mangrove",2021,18.338861,-91.795917,0.08,0.07,5.999404213,0.416478433,0.525251631,"in_submission"
"85","jupin_et_al_unpublished","CP","LTMCA03","Mangrove",2021,18.627417,-91.279389,0.24,0.23,4.365518474,0.326889566,0.525850054,"in_submission"
"86","jupin_et_al_unpublished","EV","EVC02","Mangrove",2021,23.438944,-106.573861,0.64,0.63,3.32103553,0.200089622,0.528343057,"in_submission"
"87","jupin_et_al_unpublished","CP","LTMCA03","Mangrove",2021,18.627417,-91.279389,0.66,0.65,3.127528041,0.180525868,0.531668759,"in_submission"
"88","jupin_et_al_unpublished","EV","EVC02","Mangrove",2021,23.438944,-106.573861,0.69,0.68,3.928428965,0.20538485,0.534448241,"in_submission"
"89","jupin_et_al_unpublished","PDE","LTMPA01","Mangrove",2021,18.338861,-91.795917,0.66,0.65,3.67842995,0.142937096,0.53603597,"in_submission"
"90","jupin_et_al_unpublished","EV","EVC02","Mangrove",2021,23.438944,-106.573861,0.2,0.19,2.417275637,0.162970053,0.542134788,"in_submission"
"91","jupin_et_al_unpublished","CP","LTMCA03","Mangrove",2021,18.627417,-91.279389,0.27,0.26,3.651383687,0.283157116,0.549888817,"in_submission"
"92","jupin_et_al_unpublished","CP","LTMCA03","Mangrove",2021,18.627417,-91.279389,0.21,0.2,5.049005357,0.423874919,0.552970056,"in_submission"
"93","jupin_et_al_unpublished","CP","LTMCA03","Mangrove",2021,18.627417,-91.279389,0.06,0.05,6.701696844,0.525991119,0.554663465,"in_submission"
"94","jupin_et_al_unpublished","PDE","LTMPA01","Mangrove",2021,18.338861,-91.795917,0.2,0.19,3.845879755,0.261589831,0.556204085,"in_submission"
"95","jupin_et_al_unpublished","CP","LTMCA03","Mangrove",2021,18.627417,-91.279389,0.35,0.34,3.384980315,0.239249026,0.559820085,"in_submission"
"96","jupin_et_al_unpublished","PDE","LTMPA01","Mangrove",2021,18.338861,-91.795917,0.03,0.02,9.848136387,0.540472801,0.561895466,"in_submission"
"97","jupin_et_al_unpublished","PDE","LTMPA01","Mangrove",2021,18.338861,-91.795917,0.23,0.22,3.928691948,0.249890429,0.568567241,"in_submission"
"98","jupin_et_al_unpublished","PDE","LTMPA01","Mangrove",2021,18.338861,-91.795917,0.24,0.23,3.927508585,0.268223494,0.573087241,"in_submission"
"99","jupin_et_al_unpublished","PDE","LTMPA01","Mangrove",2021,18.338861,-91.795917,0.01,0,10.74991854,0.410431384,0.573380086,"in_submission"
"100","jupin_et_al_unpublished","CP","LTMCA03","Mangrove",2021,18.627417,-91.279389,0.17,0.16,5.098185199,0.407497512,0.575391805,"in_submission"
"101","jupin_et_al_unpublished","CP","LTMCA03","Mangrove",2021,18.627417,-91.279389,0.45,0.44,3.638471249,0.200287985,0.575773777,"in_submission"
"102","jupin_et_al_unpublished","PDE","LTMPA01","Mangrove",2021,18.338861,-91.795917,0.1,0.09,6.403499305,0.329570753,0.576041157,"in_submission"
"103","jupin_et_al_unpublished","PDE","LTMPA01","Mangrove",2021,18.338861,-91.795917,0.63,0.62,2.476121663,0.156877956,0.57935158,"in_submission"
"104","jupin_et_al_unpublished","CP","LTMCA03","Mangrove",2021,18.627417,-91.279389,0.74,0.73,2.86480556,0.296690048,0.579440706,"in_submission"
"105","jupin_et_al_unpublished","PDE","LTMPA02","Mangrove",2021,18.483556,-91.795611,0.08,0.07,1.967681009,0.171842557,0.580395636,"in_submission"
"106","jupin_et_al_unpublished","PDE","LTMPA01","Mangrove",2021,18.338861,-91.795917,0.43,0.42,2.608707612,0.154860189,0.58504296,"in_submission"
"107","jupin_et_al_unpublished","CP","LTMCA01","Mangrove",2021,18.619833,-91.267861,0.3,0.29,1.642449954,0.129757837,0.586672707,"in_submission"
"108","jupin_et_al_unpublished","PDE","LTMPA01","Mangrove",2021,18.338861,-91.795917,0.35,0.34,3.081477704,0.191471995,0.586749101,"in_submission"
"109","jupin_et_al_unpublished","CP","LTMCA03","Mangrove",2021,18.627417,-91.279389,0.18,0.17,4.810712698,0.473882884,0.586825496,"in_submission"
"110","jupin_et_al_unpublished","PDE","LTMPA02","Mangrove",2021,18.483556,-91.795611,0.19,0.18,1.674866284,0.140835396,0.588327919,"in_submission"
"111","jupin_et_al_unpublished","CP","LTMCA03","Mangrove",2021,18.627417,-91.279389,0.69,0.68,2.763788657,0.176632359,0.590581552,"in_submission"
"112","jupin_et_al_unpublished","EV","EVC02","Mangrove",2021,23.438944,-106.573861,0.02,0.01,6.34772503,0.392864563,0.591400246,"in_submission"
"113","jupin_et_al_unpublished","PDE","LTMPA01","Mangrove",2021,18.338861,-91.795917,0.3,0.29,2.378953476,0.180994579,0.591765665,"in_submission"
"114","jupin_et_al_unpublished","PDE","LTMPA01","Mangrove",2021,18.338861,-91.795917,0.09,0.08,5.703081975,0.368925423,0.597915412,"in_submission"
"115","jupin_et_al_unpublished","CP","LTMCA01","Mangrove",2021,18.619833,-91.267861,0.04,0.03,6.364387648,0.530856367,0.598080933,"in_submission"
"116","jupin_et_al_unpublished","CP","LTMCA03","Mangrove",2021,18.627417,-91.279389,0.03,0.02,9.125314895,0.641190184,0.598297384,"in_submission"
"117","jupin_et_al_unpublished","PDE","LTMPA01","Mangrove",2021,18.338861,-91.795917,0.25,0.24,3.474059697,0.216237818,0.60608961,"in_submission"
"118","jupin_et_al_unpublished","CP","LTMCA03","Mangrove",2021,18.627417,-91.279389,0.5,0.49,3.427601283,0.272381738,0.606649836,"in_submission"
"119","jupin_et_al_unpublished","CP","LTMCA03","Mangrove",2021,18.627417,-91.279389,0.13,0.12,5.141430062,0.417106937,0.612035639,"in_submission"
"120","jupin_et_al_unpublished","PDE","LTMPA01","Mangrove",2021,18.338861,-91.795917,0.21,0.2,3.792354051,0.245650907,0.620082513,"in_submission"
"121","jupin_et_al_unpublished","PDE","LTMPA01","Mangrove",2021,18.338861,-91.795917,0.38,0.37,2.992917399,0.183690917,0.624742569,"in_submission"
"122","jupin_et_al_unpublished","CP","LTMCA03","Mangrove",2021,18.627417,-91.279389,0.51,0.5,3.460726355,0.28773602,0.62649964,"in_submission"
"123","jupin_et_al_unpublished","CP","LTMCA03","Mangrove",2021,18.627417,-91.279389,0.42,0.41,4.395405837,0.234166812,0.627021668,"in_submission"
"124","jupin_et_al_unpublished","CP","LTMCA01","Mangrove",2021,18.619833,-91.267861,0.36,0.35,1.622622892,0.115444987,0.627632823,"in_submission"
"125","jupin_et_al_unpublished","EV","EVC02","Mangrove",2021,23.438944,-106.573861,0.1,0.09,3.45064874,0.227758794,0.627639189,"in_submission"
"126","jupin_et_al_unpublished","CP","LTMCA03","Mangrove",2021,18.627417,-91.279389,0.59,0.58,3.875772631,0.269009761,0.630637669,"in_submission"
"127","jupin_et_al_unpublished","PDE","LTMPA01","Mangrove",2021,18.338861,-91.795917,0.39,0.38,3.086384552,0.175448456,0.635577838,"in_submission"
"128","jupin_et_al_unpublished","CP","LTMCA03","Mangrove",2021,18.627417,-91.279389,0.55,0.54,4.318726648,0.261047652,0.63559057,"in_submission"
"129","jupin_et_al_unpublished","PDE","LTMPA01","Mangrove",2021,18.338861,-91.795917,0.14,0.13,4.898022347,0.332344063,0.642351472,"in_submission"
"130","jupin_et_al_unpublished","PDE","LTMPA02","Mangrove",2021,18.483556,-91.795611,0.38,0.37,1.269102079,0.093251681,0.64414674,"in_submission"
"131","jupin_et_al_unpublished","PDE","LTMPA02","Mangrove",2021,18.483556,-91.795611,0.12,0.11,1.730033121,0.158059245,0.646196656,"in_submission"
"132","jupin_et_al_unpublished","PDE","LTMPA02","Mangrove",2021,18.483556,-91.795611,0.01,0,3.890345123,0.261628089,0.646578628,"in_submission"
"133","jupin_et_al_unpublished","CP","LTMCA03","Mangrove",2021,18.627417,-91.279389,0.48,0.47,2.999803775,0.2324573,0.648679473,"in_submission"
"134","jupin_et_al_unpublished","PDE","LTMPA01","Mangrove",2021,18.338861,-91.795917,0.46,0.45,2.047080848,0.124801643,0.652550121,"in_submission"
"135","jupin_et_al_unpublished","CP","LTMCA03","Mangrove",2021,18.627417,-91.279389,0.07,0.06,6.905202973,0.505792642,0.65302122,"in_submission"
"136","jupin_et_al_unpublished","EV","EVC02","Mangrove",2021,23.438944,-106.573861,0.14,0.13,2.707501671,0.208715574,0.66148317,"in_submission"
"137","jupin_et_al_unpublished","PDE","LTMPA01","Mangrove",2021,18.338861,-91.795917,0.64,0.63,3.099569037,0.136669729,0.664709559,"in_submission"
"138","jupin_et_al_unpublished","EV","EVC02","Mangrove",2021,23.438944,-106.573861,0.66,0.65,3.415423804,0.189340659,0.666065559,"in_submission"
"139","jupin_et_al_unpublished","PDE","LTMPA01","Mangrove",2021,18.338861,-91.795917,0.16,0.15,4.261307273,0.29685416,0.669204094,"in_submission"
"140","jupin_et_al_unpublished","EV","EVC02","Mangrove",2021,23.438944,-106.573861,0.08,0.07,4.188900628,0.289077048,0.670036793,"in_submission"
"141","jupin_et_al_unpublished","CP","LTMCA03","Mangrove",2021,18.627417,-91.279389,0.72,0.71,2.655661145,0.201957818,0.670337278,"in_submission"
"142","jupin_et_al_unpublished","EV","EVC02","Mangrove",2021,23.438944,-106.573861,0.06,0.05,4.703359315,0.330554869,0.676697109,"in_submission"
"143","jupin_et_al_unpublished","CP","LTMCA01","Mangrove",2021,18.619833,-91.267861,0.06,0.05,5.653247033,0.465690207,0.678727926,"in_submission"
"144","jupin_et_al_unpublished","PDE","LTMPA01","Mangrove",2021,18.338861,-91.795917,0.42,0.41,2.898125749,0.172508846,0.684024603,"in_submission"
"145","jupin_et_al_unpublished","PDE","LTMPA01","Mangrove",2021,18.338861,-91.795917,0.18,0.17,4.306612081,0.285267589,0.68459756,"in_submission"
"146","jupin_et_al_unpublished","CP","LTMCA03","Mangrove",2021,18.627417,-91.279389,0.16,0.15,4.141269174,0.341646712,0.686405561,"in_submission"
"147","jupin_et_al_unpublished","CP","LTMCA03","Mangrove",2021,18.627417,-91.279389,0.63,0.62,3.537571254,0.174196444,0.686672941,"in_submission"
"148","jupin_et_al_unpublished","PDE","LTMPA01","Mangrove",2021,18.338861,-91.795917,0.62,0.61,3.026109856,0.13468355,0.693077336,"in_submission"
"149","jupin_et_al_unpublished","PDE","LTMPA01","Mangrove",2021,18.338861,-91.795917,0.27,0.26,2.880832294,0.193370942,0.698615928,"in_submission"
"150","jupin_et_al_unpublished","CP","LTMCA03","Mangrove",2021,18.627417,-91.279389,0.67,0.66,2.950188237,0.163477037,0.700958689,"in_submission"
"151","jupin_et_al_unpublished","CP","LTMCA03","Mangrove",2021,18.627417,-91.279389,0.43,0.42,3.494939518,0.22916895,0.701238801,"in_submission"
"152","jupin_et_al_unpublished","CP","LTMCA03","Mangrove",2021,18.627417,-91.279389,0.53,0.52,3.745353072,0.29488498,0.701697168,"in_submission"
"153","jupin_et_al_unpublished","CP","LTMCA01","Mangrove",2021,18.619833,-91.267861,0.18,0.17,3.243215894,0.242245437,0.70229559,"in_submission"
"154","jupin_et_al_unpublished","EV","EVC02","Mangrove",2021,23.438944,-106.573861,0.6,0.59,3.626182514,0.187112749,0.703211049,"in_submission"
"155","jupin_et_al_unpublished","EV","EVC02","Mangrove",2021,23.438944,-106.573861,0.12,0.11,2.869426976,0.209485325,0.705124728,"in_submission"
"156","jupin_et_al_unpublished","PDE","LTMPA01","Mangrove",2021,18.338861,-91.795917,0.32,0.31,2.825759429,0.174687915,0.705873393,"in_submission"
"157","jupin_et_al_unpublished","CP","LTMCA03","Mangrove",2021,18.627417,-91.279389,0.28,0.27,3.766484641,0.265896991,0.713691084,"in_submission"
"158","jupin_et_al_unpublished","PDE","LTMPA01","Mangrove",2021,18.338861,-91.795917,0.22,0.21,3.86009137,0.250556477,0.714047591,"in_submission"
"159","jupin_et_al_unpublished","PDE","LTMPA01","Mangrove",2021,18.338861,-91.795917,0.11,0.1,3.860595311,0.307165174,0.723189451,"in_submission"
"160","jupin_et_al_unpublished","CP","LTMCA01","Mangrove",2021,18.619833,-91.267861,0.2,0.19,2.10701049,0.17584837,0.730115874,"in_submission"
"161","jupin_et_al_unpublished","PDE","LTMPA01","Mangrove",2021,18.338861,-91.795917,0.31,0.3,2.919867219,0.171187355,0.731338184,"in_submission"
"162","jupin_et_al_unpublished","CP","LTMCA01","Mangrove",2021,18.619833,-91.267861,0.46,0.45,1.735096659,0.11260969,0.733604551,"in_submission"
"163","jupin_et_al_unpublished","CP","LTMCA01","Mangrove",2021,18.619833,-91.267861,0.14,0.13,2.419819525,0.220556431,0.7342921,"in_submission"
"164","jupin_et_al_unpublished","CP","LTMCA03","Mangrove",2021,18.627417,-91.279389,0.56,0.55,4.4348811,0.285988254,0.739232269,"in_submission"
"165","jupin_et_al_unpublished","EV","EVC02","Mangrove",2021,23.438944,-106.573861,0.68,0.67,3.509368309,0.181569737,0.741047909,"in_submission"
"166","jupin_et_al_unpublished","EV","EVC02","Mangrove",2021,23.438944,-106.573861,0.54,0.53,3.36171243,0.171272094,0.741465532,"in_submission"
"167","jupin_et_al_unpublished","PDE","LTMPA01","Mangrove",2021,18.338861,-91.795917,0.6,0.59,2.452506883,0.142757367,0.743815932,"in_submission"
"168","jupin_et_al_unpublished","EV","EVC01","Mangrove",2021,23.423833,-106.558194,0.01,0,4.560897936,0.241430433,0.745044608,"in_submission"
"169","jupin_et_al_unpublished","PDE","LTMPA01","Mangrove",2021,18.338861,-91.795917,0.29,0.28,2.767319308,0.194226187,0.749150805,"in_submission"
"170","jupin_et_al_unpublished","PDE","LTMPA01","Mangrove",2021,18.338861,-91.795917,0.54,0.53,1.69361886,0.111912164,0.74944365,"in_submission"
"171","jupin_et_al_unpublished","CP","LTMCA03","Mangrove",2021,18.627417,-91.279389,0.23,0.22,4.477533047,0.373611806,0.750678693,"in_submission"
"172","jupin_et_al_unpublished","CP","LTMCA03","Mangrove",2021,18.627417,-91.279389,0.47,0.46,3.181509634,0.233500577,0.753174242,"in_submission"
"173","jupin_et_al_unpublished","CP","LTMCA03","Mangrove",2021,18.627417,-91.279389,0.3,0.29,3.668225786,0.263003957,0.753352496,"in_submission"
"174","jupin_et_al_unpublished","CP","LTMCA03","Mangrove",2021,18.627417,-91.279389,0.33,0.32,3.348424161,0.243057229,0.759209398,"in_submission"
"175","jupin_et_al_unpublished","PDE","LTMPA01","Mangrove",2021,18.338861,-91.795917,0.49,0.48,1.80097536,0.113900131,0.75954044,"in_submission"
"176","jupin_et_al_unpublished","CP","LTMCA03","Mangrove",2021,18.627417,-91.279389,0.15,0.14,4.253625777,0.334011617,0.761501229,"in_submission"
"177","jupin_et_al_unpublished","EV","EVC02","Mangrove",2021,23.438944,-106.573861,0.58,0.57,3.959392429,0.193964832,0.772658627,"in_submission"
"178","jupin_et_al_unpublished","PDE","LTMPA01","Mangrove",2021,18.338861,-91.795917,0.36,0.35,4.358726517,0.180863169,0.77877909,"in_submission"
"179","jupin_et_al_unpublished","EV","EVC02","Mangrove",2021,23.438944,-106.573861,0.56,0.55,3.721685889,0.198661638,0.781904893,"in_submission"
"180","jupin_et_al_unpublished","EV","EVC02","Mangrove",2021,23.438944,-106.573861,0.16,0.15,2.809975862,0.198264258,0.78243838,"in_submission"
"181","jupin_et_al_unpublished","PDE","LTMPA01","Mangrove",2021,18.338861,-91.795917,0.68,0.67,3.538020854,0.149916032,0.7872334,"in_submission"
"182","jupin_et_al_unpublished","PDE","LTMPA01","Mangrove",2021,18.338861,-91.795917,0.34,0.33,2.718704032,0.178824287,0.792351823,"in_submission"
"183","jupin_et_al_unpublished","CP","LTMCA01","Mangrove",2021,18.619833,-91.267861,0.54,0.53,3.837419133,0.210391359,0.803543599,"in_submission"
"184","jupin_et_al_unpublished","EV","EVC02","Mangrove",2021,23.438944,-106.573861,0.18,0.17,2.36938968,0.164696795,0.804537999,"in_submission"
"185","jupin_et_al_unpublished","CP","LTMCA03","Mangrove",2021,18.627417,-91.279389,0.65,0.64,3.226514241,0.174696752,0.809642416,"in_submission"
"186","jupin_et_al_unpublished","PDE","LTMPA01","Mangrove",2021,18.338861,-91.795917,0.37,0.36,2.527589827,0.170501687,0.813614924,"in_submission"
"187","jupin_et_al_unpublished","PDE","LTMPA02","Mangrove",2021,18.483556,-91.795611,0.03,0.02,3.276149778,0.275445951,0.820235769,"in_submission"
"188","jupin_et_al_unpublished","PDE","LTMPA02","Mangrove",2021,18.483556,-91.795611,0.2,0.19,1.733280535,0.140711872,0.824373798,"in_submission"
"189","jupin_et_al_unpublished","CP","LTMCA03","Mangrove",2021,18.627417,-91.279389,0.26,0.25,3.753442691,0.344814498,0.827009404,"in_submission"
"190","jupin_et_al_unpublished","PDE","LTMPA01","Mangrove",2021,18.338861,-91.795917,0.47,0.46,2.400588007,0.117183597,0.827289516,"in_submission"
"191","jupin_et_al_unpublished","PDE","LTMPA02","Mangrove",2021,18.483556,-91.795611,0.02,0.01,4.659764914,0.264154961,0.833426531,"in_submission"
"192","jupin_et_al_unpublished","PDE","LTMPA01","Mangrove",2021,18.338861,-91.795917,0.45,0.44,2.026485809,0.122828558,0.836456841,"in_submission"
"193","jupin_et_al_unpublished","CP","LTMCA01","Mangrove",2021,18.619833,-91.267861,0.48,0.47,2.388434907,0.128252303,0.836864278,"in_submission"
"194","jupin_et_al_unpublished","CP","LTMCA01","Mangrove",2021,18.619833,-91.267861,0.56,0.55,3.860499757,0.20088213,0.836902475,"in_submission"
"195","jupin_et_al_unpublished","PDE","LTMPA02","Mangrove",2021,18.483556,-91.795611,0.4,0.39,0.972256025,0.090899463,0.837819207,"in_submission"
"196","jupin_et_al_unpublished","CP","LTMCA03","Mangrove",2021,18.627417,-91.279389,0.36,0.35,3.417925006,0.241212731,0.839729067,"in_submission"
"197","jupin_et_al_unpublished","PDE","LTMPA02","Mangrove",2021,18.483556,-91.795611,0.04,0.03,3.473922936,0.243515588,0.84298856,"in_submission"
"198","jupin_et_al_unpublished","CP","LTMCA03","Mangrove",2021,18.627417,-91.279389,0.73,0.72,2.726070615,0.306015388,0.844720166,"in_submission"
"199","jupin_et_al_unpublished","PDE","LTMPA01","Mangrove",2021,18.338861,-91.795917,0.26,0.25,2.942277175,0.207844509,0.845394983,"in_submission"
"200","jupin_et_al_unpublished","PDE","LTMPA02","Mangrove",2021,18.483556,-91.795611,0.32,0.31,2.009698652,0.136952227,0.847737743,"in_submission"
"201","jupin_et_al_unpublished","EV","EVC01","Mangrove",2021,23.423833,-106.558194,0.05,0.04,2.193739372,0.173189529,0.84859718,"in_submission"
"202","jupin_et_al_unpublished","CP","LTMCA03","Mangrove",2021,18.627417,-91.279389,0.37,0.36,3.462646416,0.227822345,0.854625969,"in_submission"
"203","jupin_et_al_unpublished","EV","EVC01","Mangrove",2021,23.423833,-106.558194,0.02,0.01,3.599589938,0.243589306,0.857719941,"in_submission"
"204","jupin_et_al_unpublished","PDE","LTMPA01","Mangrove",2021,18.338861,-91.795917,0.57,0.56,2.564713356,0.126738648,0.861934364,"in_submission"
"205","jupin_et_al_unpublished","PDE","LTMPA02","Mangrove",2021,18.483556,-91.795611,0.16,0.15,1.64139466,0.147324571,0.865448505,"in_submission"
"206","jupin_et_al_unpublished","EV","EVC01","Mangrove",2021,23.423833,-106.558194,0.04,0.03,2.798436782,0.182142218,0.873009002,"in_submission"
"207","jupin_et_al_unpublished","PDE","LTMPA01","Mangrove",2021,18.338861,-91.795917,0.41,0.4,2.394128013,0.135822254,0.875316112,"in_submission"
"208","jupin_et_al_unpublished","PDE","LTMPA01","Mangrove",2021,18.338861,-91.795917,0.4,0.39,2.483622266,0.147535396,0.875774478,"in_submission"
"209","jupin_et_al_unpublished","CP","LTMCA01","Mangrove",2021,18.619833,-91.267861,0.6,0.59,3.777550302,0.228702843,0.885018197,"in_submission"
"210","jupin_et_al_unpublished","PDE","LTMPA02","Mangrove",2021,18.483556,-91.795611,0.15,0.14,1.638840679,0.142254225,0.891295268,"in_submission"
"211","jupin_et_al_unpublished","EV","EVC02","Mangrove",2021,23.438944,-106.573861,0.52,0.51,2.449441503,0.129183171,0.902777342,"in_submission"
"212","jupin_et_al_unpublished","EV","EVC02","Mangrove",2021,23.438944,-106.573861,0.5,0.49,2.701022406,0.1753511,0.904636272,"in_submission"
"213","jupin_et_al_unpublished","EV","EVC02","Mangrove",2021,23.438944,-106.573861,0.26,0.25,1.97214312,0.142804847,0.905039889,"in_submission"
"214","jupin_et_al_unpublished","PDE","LTMPA02","Mangrove",2021,18.483556,-91.795611,0.34,0.33,2.140484354,0.132026634,0.907809185,"in_submission"
"215","jupin_et_al_unpublished","CP","LTMCA01","Mangrove",2021,18.619833,-91.267861,0.42,0.41,1.673004549,0.12237881,0.909298875,"in_submission"
"216","jupin_et_al_unpublished","CP","LTMCA03","Mangrove",2021,18.627417,-91.279389,0.4,0.39,3.438488815,0.223521886,0.914888397,"in_submission"
"217","jupin_et_al_unpublished","EV","EVC01","Mangrove",2021,23.423833,-106.558194,0.11,0.1,1.568688503,0.128167914,0.917217152,"in_submission"
"218","jupin_et_al_unpublished","PDE","LTMPA01","Mangrove",2021,18.338861,-91.795917,0.33,0.32,4.213535958,0.170993788,0.920490651,"in_submission"
"219","jupin_et_al_unpublished","PDE","LTMPA02","Mangrove",2021,18.483556,-91.795611,0.13,0.12,1.555976569,0.146269582,0.926092905,"in_submission"
"220","jupin_et_al_unpublished","EV","EVC02","Mangrove",2021,23.438944,-106.573861,0.48,0.47,2.791388694,0.156215125,0.926441773,"in_submission"
"221","jupin_et_al_unpublished","CP","LTMCA01","Mangrove",2021,18.619833,-91.267861,0.28,0.27,1.53557403,0.130249208,0.930918483,"in_submission"
"222","jupin_et_al_unpublished","EV","EVC01","Mangrove",2021,23.423833,-106.558194,0.09,0.08,2.321891871,0.145505724,0.935873931,"in_submission"
"223","jupin_et_al_unpublished","CP","LTMCA03","Mangrove",2021,18.627417,-91.279389,0.38,0.37,3.148963746,0.245496308,0.938214145,"in_submission"
"224","jupin_et_al_unpublished","CP","LTMCA01","Mangrove",2021,18.619833,-91.267861,0.52,0.51,2.563615406,0.166369474,0.938519723,"in_submission"
"225","jupin_et_al_unpublished","PDE","LTMPA02","Mangrove",2021,18.483556,-91.795611,0.36,0.35,1.502517425,0.101604105,0.939843892,"in_submission"
"226","jupin_et_al_unpublished","EV","EVC02","Mangrove",2021,23.438944,-106.573861,0.62,0.61,3.571645914,0.192217312,0.942024951,"in_submission"
"227","jupin_et_al_unpublished","CP","LTMCA01","Mangrove",2021,18.619833,-91.267861,0.5,0.49,2.421855175,0.139635031,0.943701808,"in_submission"
"228","jupin_et_al_unpublished","EV","EVC02","Mangrove",2021,23.438944,-106.573861,0.38,0.37,2.196778475,0.126914023,0.944211104,"in_submission"
"229","jupin_et_al_unpublished","PDE","LTMPA02","Mangrove",2021,18.483556,-91.795611,0.17,0.16,1.834475055,0.147711817,0.946515667,"in_submission"
"230","jupin_et_al_unpublished","PDE","LTMPA01","Mangrove",2021,18.338861,-91.795917,0.55,0.54,2.597858821,0.120969024,0.947890766,"in_submission"
"231","jupin_et_al_unpublished","EV","EVC01","Mangrove",2021,23.423833,-106.558194,0.1,0.09,1.855374682,0.153292959,0.948704621,"in_submission"
"232","jupin_et_al_unpublished","PDE","LTMPA02","Mangrove",2021,18.483556,-91.795611,0.18,0.17,1.439971335,0.14201888,0.950208062,"in_submission"
"233","jupin_et_al_unpublished","CP","LTMCA03","Mangrove",2021,18.627417,-91.279389,0.34,0.33,3.750074905,0.261466562,0.955071837,"in_submission"
"234","jupin_et_al_unpublished","CP","LTMCA01","Mangrove",2021,18.619833,-91.267861,0.34,0.33,1.531754433,0.120316259,0.95747826,"in_submission"
"235","jupin_et_al_unpublished","EV","EVC02","Mangrove",2021,23.438944,-106.573861,0.24,0.23,2.289633379,0.146965167,0.959435229,"in_submission"
"236","jupin_et_al_unpublished","CP","LTMCA01","Mangrove",2021,18.619833,-91.267861,0.08,0.07,3.607466046,0.287414789,0.95982102,"in_submission"
"237","jupin_et_al_unpublished","PDE","LTMPA01","Mangrove",2021,18.338861,-91.795917,0.58,0.57,2.625832912,0.139449165,0.960928739,"in_submission"
"238","jupin_et_al_unpublished","CP","LTMCA01","Mangrove",2021,18.619833,-91.267861,0.44,0.43,1.619895416,0.120077816,0.973177303,"in_submission"
"239","jupin_et_al_unpublished","PDE","LTMPA02","Mangrove",2021,18.483556,-91.795611,0.14,0.13,1.596725074,0.146295368,0.97475612,"in_submission"
"240","jupin_et_al_unpublished","CP","LTMCA01","Mangrove",2021,18.619833,-91.267861,0.58,0.57,3.21641318,0.212996893,0.978805022,"in_submission"
"241","jupin_et_al_unpublished","EV","EVC01","Mangrove",2021,23.423833,-106.558194,0.08,0.07,1.921700832,0.143314133,0.979544774,"in_submission"
"242","jupin_et_al_unpublished","EV","EVC02","Mangrove",2021,23.438944,-106.573861,0.4,0.39,2.375565634,0.125689752,0.980551907,"in_submission"
"243","jupin_et_al_unpublished","PDE","LTMPA02","Mangrove",2021,18.483556,-91.795611,0.05,0.04,2.599632036,0.232401736,0.981084121,"in_submission"
"244","jupin_et_al_unpublished","EV","EVC02","Mangrove",2021,23.438944,-106.573861,0.44,0.43,2.111672731,0.115679993,0.988493102,"in_submission"
"245","jupin_et_al_unpublished","PDE","LTMPA02","Mangrove",2021,18.483556,-91.795611,0.26,0.25,1.49745957,0.139511839,1.000895728,"in_submission"
"246","jupin_et_al_unpublished","CP","LTMCA01","Mangrove",2021,18.619833,-91.267861,0.12,0.11,2.329461597,0.216386704,1.004397137,"in_submission"
"247","jupin_et_al_unpublished","CP","LTMCA01","Mangrove",2021,18.619833,-91.267861,0.24,0.23,1.84964747,0.148448044,1.011017983,"in_submission"
"248","jupin_et_al_unpublished","EV","EVC02","Mangrove",2021,23.438944,-106.573861,0.34,0.33,1.708741679,0.100019808,1.019527042,"in_submission"
"249","jupin_et_al_unpublished","EV","EVC02","Mangrove",2021,23.438944,-106.573861,0.3,0.29,1.737615705,0.128149079,1.023544113,"in_submission"
"250","jupin_et_al_unpublished","PDE","LTMPA02","Mangrove",2021,18.483556,-91.795611,0.06,0.05,2.351569236,0.203355926,1.02992559,"in_submission"
"251","jupin_et_al_unpublished","EV","EVC02","Mangrove",2021,23.438944,-106.573861,0.22,0.21,2.119866806,0.160990884,1.031225567,"in_submission"
"252","jupin_et_al_unpublished","PDE","LTMPA02","Mangrove",2021,18.483556,-91.795611,0.44,0.43,1.06211338,0.084049214,1.040366154,"in_submission"
"253","jupin_et_al_unpublished","EV","EVC02","Mangrove",2021,23.438944,-106.573861,0.42,0.41,2.23037555,0.128916993,1.044240622,"in_submission"
"254","jupin_et_al_unpublished","EV","EVC02","Mangrove",2021,23.438944,-106.573861,0.46,0.45,2.10208884,0.127029558,1.046969174,"in_submission"
"255","jupin_et_al_unpublished","CP","LTMCA03","Mangrove",2021,18.627417,-91.279389,0.7,0.69,2.522308656,0.166691274,1.060215959,"in_submission"
"256","jupin_et_al_unpublished","CP","LTMCA01","Mangrove",2021,18.619833,-91.267861,0.4,0.39,1.616694715,0.114330832,1.064786889,"in_submission"
"257","jupin_et_al_unpublished","CP","LTMCA01","Mangrove",2021,18.619833,-91.267861,0.1,0.09,2.599786003,0.235759664,1.067053255,"in_submission"
"258","jupin_et_al_unpublished","PDE","LTMPA01","Mangrove",2021,18.338861,-91.795917,0.61,0.6,2.900529922,0.158645205,1.078486946,"in_submission"
"259","jupin_et_al_unpublished","CP","LTMCA03","Mangrove",2021,18.627417,-91.279389,0.75,0.74,3.399227959,0.283309798,1.081593651,"in_submission"
"260","jupin_et_al_unpublished","CP","LTMCA03","Mangrove",2021,18.627417,-91.279389,0.32,0.31,3.9280275,0.254564291,1.085808073,"in_submission"
"261","jupin_et_al_unpublished","CP","LTMCA01","Mangrove",2021,18.619833,-91.267861,0.65,0.64,3.346879869,0.195756983,1.097254497,"in_submission"
"262","jupin_et_al_unpublished","PDE","LTMPA02","Mangrove",2021,18.483556,-91.795611,0.46,0.45,1.153341248,0.078171566,1.100017427,"in_submission"
"263","jupin_et_al_unpublished","PDE","LTMPA02","Mangrove",2021,18.483556,-91.795611,0.24,0.23,1.54834522,0.157536944,1.102703962,"in_submission"
"264","jupin_et_al_unpublished","PDE","LTMPA01","Mangrove",2021,18.338861,-91.795917,0.65,0.64,3.641594183,0.149442054,1.106256301,"in_submission"
"265","jupin_et_al_unpublished","EV","EVC01","Mangrove",2021,23.423833,-106.558194,0.22,0.21,1.204793833,0.089747944,1.114575648,"in_submission"
"266","jupin_et_al_unpublished","PDE","LTMPA02","Mangrove",2021,18.483556,-91.795611,0.07,0.06,2.003968668,0.182078069,1.125978781,"in_submission"
"267","jupin_et_al_unpublished","EV","EVC02","Mangrove",2021,23.438944,-106.573861,0.36,0.35,2.063721979,0.125605719,1.149294344,"in_submission"
"268","jupin_et_al_unpublished","EV","EVC02","Mangrove",2021,23.438944,-106.573861,0.28,0.27,2.301511014,0.131544326,1.150514107,"in_submission"
"269","jupin_et_al_unpublished","PDE","LTMPA01","Mangrove",2021,18.338861,-91.795917,0.56,0.55,2.431486321,0.131729333,1.156320079,"in_submission"
"270","jupin_et_al_unpublished","PDE","LTMPA01","Mangrove",2021,18.338861,-91.795917,0.52,0.51,2.807133107,0.11442456,1.159146671,"in_submission"
"271","jupin_et_al_unpublished","PDE","LTMPA02","Mangrove",2021,18.483556,-91.795611,0.09,0.08,1.839675493,0.149540296,1.172031855,"in_submission"
"272","jupin_et_al_unpublished","PDE","LTMPA02","Mangrove",2021,18.483556,-91.795611,0.28,0.27,1.415326383,0.137571607,1.172719405,"in_submission"
"273","jupin_et_al_unpublished","PDE","LTMPA01","Mangrove",2021,18.338861,-91.795917,0.44,0.43,2.140328685,0.130045782,1.178181602,"in_submission"
"274","jupin_et_al_unpublished","PDE","LTMPA02","Mangrove",2021,18.483556,-91.795611,0.1,0.09,1.785983504,0.158829167,1.179174729,"in_submission"
"275","jupin_et_al_unpublished","PDE","LTMPA01","Mangrove",2021,18.338861,-91.795917,0.67,0.66,3.086374811,0.142653488,1.19283659,"in_submission"
"276","jupin_et_al_unpublished","EV","EVC01","Mangrove",2021,23.423833,-106.558194,0.12,0.11,1.375699177,0.107239558,1.203543261,"in_submission"
"277","jupin_et_al_unpublished","CP","LTMCA01","Mangrove",2021,18.619833,-91.267861,0.26,0.25,1.734204013,0.137884859,1.222885043,"in_submission"
"278","jupin_et_al_unpublished","EV","EVC02","Mangrove",2021,23.438944,-106.573861,0.32,0.31,1.634617363,0.11088207,1.226340615,"in_submission"
"279","jupin_et_al_unpublished","CP","LTMCA01","Mangrove",2021,18.619833,-91.267861,0.32,0.31,1.503062327,0.117699197,1.2311611,"in_submission"
"280","jupin_et_al_unpublished","CP","LTMCA01","Mangrove",2021,18.619833,-91.267861,0.62,0.61,3.741232341,0.215683833,1.24242927,"in_submission"
"281","jupin_et_al_unpublished","EV","EVC01","Mangrove",2021,23.423833,-106.558194,0.24,0.23,1.422486008,0.10184602,1.250892493,"in_submission"
"282","jupin_et_al_unpublished","CP","LTMCA01","Mangrove",2021,18.619833,-91.267861,0.38,0.37,1.617108584,0.109277366,1.273368991,"in_submission"
"283","jupin_et_al_unpublished","PDE","LTMPA02","Mangrove",2021,18.483556,-91.795611,0.22,0.21,1.59351853,0.148257562,1.273763695,"in_submission"
"284","jupin_et_al_unpublished","EV","EVC01","Mangrove",2021,23.423833,-106.558194,0.42,0.41,1.062571248,0.049646075,1.274819211,"in_submission"
"285","jupin_et_al_unpublished","PDE","LTMPA01","Mangrove",2021,18.338861,-91.795917,0.48,0.47,1.955434774,0.119873947,1.275571695,"in_submission"
"286","jupin_et_al_unpublished","EV","EVC01","Mangrove",2021,23.423833,-106.558194,0.29,0.28,1.360878337,0.085242564,1.290362919,"in_submission"
"287","jupin_et_al_unpublished","PDE","LTMPA02","Mangrove",2021,18.483556,-91.795611,0.42,0.41,1.110241214,0.081575302,1.307530008,"in_submission"
"288","jupin_et_al_unpublished","PDE","LTMPA02","Mangrove",2021,18.483556,-91.795611,0.21,0.2,1.460221389,0.131016459,1.325902854,"in_submission"
"289","jupin_et_al_unpublished","EV","EVC01","Mangrove",2021,23.423833,-106.558194,0.06,0.05,2.431870519,0.176343761,1.340602405,"in_submission"
"290","jupin_et_al_unpublished","EV","EVC01","Mangrove",2021,23.423833,-106.558194,0.25,0.24,1.37124649,0.095251065,1.354338113,"in_submission"
"291","jupin_et_al_unpublished","EV","EVC01","Mangrove",2021,23.423833,-106.558194,0.31,0.3,1.336387189,0.09019636,1.355708119,"in_submission"
"292","jupin_et_al_unpublished","EV","EVC01","Mangrove",2021,23.423833,-106.558194,0.16,0.15,1.01150528,0.094437401,1.362047579,"in_submission"
"293","jupin_et_al_unpublished","EV","EVC01","Mangrove",2021,23.423833,-106.558194,0.3,0.29,1.642896692,0.086114347,1.363212593,"in_submission"
"294","jupin_et_al_unpublished","EV","EVC01","Mangrove",2021,23.423833,-106.558194,0.58,0.57,1.116647284,0.06415725,1.371436447,"in_submission"
"295","jupin_et_al_unpublished","EV","EVC01","Mangrove",2021,23.423833,-106.558194,0.07,0.06,1.651081146,0.165760014,1.375361844,"in_submission"
"296","jupin_et_al_unpublished","PDE","LTMPA02","Mangrove",2021,18.483556,-91.795611,0.3,0.29,2.018564179,0.13496046,1.37813114,"in_submission"
"297","jupin_et_al_unpublished","EV","EVC01","Mangrove",2021,23.423833,-106.558194,0.18,0.17,1.310456625,0.093408865,1.405822827,"in_submission"
"298","jupin_et_al_unpublished","EV","EVC01","Mangrove",2021,23.423833,-106.558194,0.28,0.27,1.490234893,0.092971687,1.420863606,"in_submission"
"299","jupin_et_al_unpublished","PDE","LTMPA02","Mangrove",2021,18.483556,-91.795611,0.11,0.1,1.5672658,0.146203576,1.428958863,"in_submission"
"300","jupin_et_al_unpublished","EV","EVC01","Mangrove",2021,23.423833,-106.558194,0.33,0.32,1.339617059,0.076031423,1.433510694,"in_submission"
"301","jupin_et_al_unpublished","EV","EVC01","Mangrove",2021,23.423833,-106.558194,0.26,0.25,1.743402857,0.098150932,1.4365983,"in_submission"
"302","jupin_et_al_unpublished","EV","EVC01","Mangrove",2021,23.423833,-106.558194,0.13,0.12,1.362899659,0.108946804,1.449618448,"in_submission"
"303","jupin_et_al_unpublished","EV","EVC01","Mangrove",2021,23.423833,-106.558194,0.44,0.43,0.652271339,0.051610124,1.449974955,"in_submission"
"304","jupin_et_al_unpublished","EV","EVC01","Mangrove",2021,23.423833,-106.558194,0.6,0.59,0.91689885,0.059609447,1.465013187,"in_submission"
"305","jupin_et_al_unpublished","EV","EVC01","Mangrove",2021,23.423833,-106.558194,0.46,0.45,1.014229475,0.045119521,1.465288207,"in_submission"
"306","jupin_et_al_unpublished","EV","EVC01","Mangrove",2021,23.423833,-106.558194,0.38,0.37,0.876285923,0.040860351,1.47995338,"in_submission"
"307","jupin_et_al_unpublished","EV","EVC01","Mangrove",2021,23.423833,-106.558194,0.23,0.22,1.380936812,0.094265313,1.480772073,"in_submission"
"308","jupin_et_al_unpublished","EV","EVC01","Mangrove",2021,23.423833,-106.558194,0.21,0.2,0.968863024,0.08396361,1.484719116,"in_submission"
"309","jupin_et_al_unpublished","EV","EVC01","Mangrove",2021,23.423833,-106.558194,0.62,0.61,1.116649938,0.04816008,1.488658519,"in_submission"
"310","jupin_et_al_unpublished","EV","EVC01","Mangrove",2021,23.423833,-106.558194,0.03,0.02,3.546187169,0.230629285,1.496028029,"in_submission"
"311","jupin_et_al_unpublished","EV","EVC01","Mangrove",2021,23.423833,-106.558194,0.34,0.33,1.448558653,0.085417418,1.497247793,"in_submission"
"312","jupin_et_al_unpublished","PDE","LTMPA01","Mangrove",2021,18.338861,-91.795917,0.5,0.49,1.993395845,0.113816149,1.498299489,"in_submission"
"313","jupin_et_al_unpublished","EV","EVC01","Mangrove",2021,23.423833,-106.558194,0.19,0.18,1.381693626,0.098513709,1.513691682,"in_submission"
"314","jupin_et_al_unpublished","EV","EVC01","Mangrove",2021,23.423833,-106.558194,0.4,0.39,0.854036634,0.043345531,1.533620427,"in_submission"
"315","jupin_et_al_unpublished","EV","EVC01","Mangrove",2021,23.423833,-106.558194,0.64,0.63,1.187954713,0.057217494,1.541756428,"in_submission"
"316","jupin_et_al_unpublished","EV","EVC01","Mangrove",2021,23.423833,-106.558194,0.36,0.35,0.953801867,0.056186056,1.544749814,"in_submission"
"317","jupin_et_al_unpublished","EV","EVC01","Mangrove",2021,23.423833,-106.558194,0.17,0.16,1.492972988,0.092614308,1.552643899,"in_submission"
"318","jupin_et_al_unpublished","CP","LTMCA01","Mangrove",2021,18.619833,-91.267861,0.64,0.63,2.946173653,0.171857328,1.602030314,"in_submission"
"319","jupin_et_al_unpublished","EV","EVC01","Mangrove",2021,23.423833,-106.558194,0.48,0.47,0.694010566,0.031548457,1.620622158,"in_submission"
"320","jupin_et_al_unpublished","EV","EVC01","Mangrove",2021,23.423833,-106.558194,0.2,0.19,1.678760865,0.094754472,1.6329051,"in_submission"
"321","jupin_et_al_unpublished","EV","EVC01","Mangrove",2021,23.423833,-106.558194,0.32,0.31,1.628297551,0.087746834,1.652990454,"in_submission"
"322","jupin_et_al_unpublished","EV","EVC01","Mangrove",2021,23.423833,-106.558194,0.54,0.53,1.079507706,0.062531347,1.661312348,"in_submission"
"323","jupin_et_al_unpublished","EV","EVC01","Mangrove",2021,23.423833,-106.558194,0.52,0.51,0.888859059,0.04517506,1.691611629,"in_submission"
"324","jupin_et_al_unpublished","EV","EVC01","Mangrove",2021,23.423833,-106.558194,0.27,0.26,1.986350987,0.093756342,1.699652137,"in_submission"
"325","jupin_et_al_unpublished","EV","EVC01","Mangrove",2021,23.423833,-106.558194,0.15,0.14,1.198633467,0.095538334,1.704014255,"in_submission"
"326","jupin_et_al_unpublished","EV","EVC01","Mangrove",2021,23.423833,-106.558194,0.5,0.49,0.762505908,0.052050054,1.718787654,"in_submission"
"327","jupin_et_al_unpublished","EV","EVC01","Mangrove",2021,23.423833,-106.558194,0.14,0.13,1.393179508,0.10691681,1.755681043,"in_submission"
"328","jupin_et_al_unpublished","EV","EVC01","Mangrove",2021,23.423833,-106.558194,0.56,0.55,0.887865387,0.055656474,1.82549786,"in_submission"
