study_id,DOI,site_id,core_id,corenotes,Habitat_type,Habitat,Year_collected,Latitude,Longitude,U_depth_cm,L_depth_cm,OC_perc,N_perc,LOI,BD_reported_g_cm3,notes
Adame_unpublished,,Chapala,1,Baja California North,Salt marsh,marsh,2018,30.513344,-115.982706,0,15,10.26,0.92,,0.29,
Adame_unpublished,,Chapala,1,Baja California North,Salt marsh,marsh,2018,30.513344,-115.982706,15,30,6.27,0.52,,0.49,
Adame_unpublished,,Chapala,1,Baja California North,Salt marsh,marsh,2018,30.513344,-115.982706,30,50,2.75,0.27,,0.82,
Adame_unpublished,,Chapala,1,Baja California North,Salt marsh,marsh,2018,30.513344,-115.982706,50,100,2.56,0.24,,0.87,
Adame_unpublished,,Chapala,2,Baja California North,Salt marsh,marsh,2018,30.513344,-115.982706,0,15,8.69,0.78,,0.35,
Adame_unpublished,,Chapala,2,Baja California North,Salt marsh,marsh,2018,30.513344,-115.982706,15,30,7.53,0.66,,0.5,
Adame_unpublished,,Chapala,2,Baja California North,Salt marsh,marsh,2018,30.513344,-115.982706,30,50,2.82,0.3,,0.82,
Adame_unpublished,,Chapala,2,Baja California North,Salt marsh,marsh,2018,30.513344,-115.982706,50,100,2.25,0.22,,1.02,
Adame_unpublished,,Chapala,3,Baja California North,Salt marsh,marsh,2018,30.513344,-115.982706,0,15,8.48,0.8,,0.36,
Adame_unpublished,,Chapala,3,Baja California North,Salt marsh,marsh,2018,30.513344,-115.982706,15,30,6.22,0.56,,0.42,
Adame_unpublished,,Chapala,3,Baja California North,Salt marsh,marsh,2018,30.513344,-115.982706,30,50,3.04,0.33,,0.6,
Adame_unpublished,,Chapala,3,Baja California North,Salt marsh,marsh,2018,30.513344,-115.982706,50,100,4.79,0.43,,0.7,
Adame_unpublished,,Chapala,4,Baja California North,Salt marsh,marsh,2018,30.513344,-115.982706,0,15,11.95,1.03,,0.26,
Adame_unpublished,,Chapala,4,Baja California North,Salt marsh,marsh,2018,30.513344,-115.982706,15,30,9.38,0.81,,0.25,
Adame_unpublished,,Chapala,4,Baja California North,Salt marsh,marsh,2018,30.513344,-115.982706,30,50,6.49,0.71,,0.67,
Adame_unpublished,,Chapala,4,Baja California North,Salt marsh,marsh,2018,30.513344,-115.982706,50,100,0.66,0.08,,1.34,
Adame_unpublished,,Chapala,5,Baja California North,Salt marsh,marsh,2018,30.513344,-115.982706,0,15,15.33,1.27,,0.23,
Adame_unpublished,,Chapala,5,Baja California North,Salt marsh,marsh,2018,30.513344,-115.982706,15,30,4.84,0.55,,0.53,
Adame_unpublished,,Chapala,5,Baja California North,Salt marsh,marsh,2018,30.513344,-115.982706,30,50,13.99,1.47,,0.61,
Adame_unpublished,,Chapala,5,Baja California North,Salt marsh,marsh,2018,30.513344,-115.982706,50,100,3.94,0.37,,0.79,
Adame_unpublished,,Kenton,1,Baja California North,Salt marsh,marsh,2018,30.465747,-115.980806,0,15,6.43,0.75,,0.52,
Adame_unpublished,,Kenton,1,Baja California North,Salt marsh,marsh,2018,30.465747,-115.980806,15,30,3.09,0.37,,0.64,
Adame_unpublished,,Kenton,1,Baja California North,Salt marsh,marsh,2018,30.465747,-115.980806,30,50,3.86,0.36,,0.96,
Adame_unpublished,,Kenton,1,Baja California North,Salt marsh,marsh,2018,30.465747,-115.980806,50,100,0.47,0.06,,1.27,
Adame_unpublished,,Kenton,2,Baja California North,Salt marsh,marsh,2018,30.465747,-115.980806,0,15,3.82,0.5,,0.52,
Adame_unpublished,,Kenton,2,Baja California North,Salt marsh,marsh,2018,30.465747,-115.980806,15,30,2.41,0.3,,0.88,
Adame_unpublished,,Kenton,2,Baja California North,Salt marsh,marsh,2018,30.465747,-115.980806,30,50,2.48,0.3,,1.12,
Adame_unpublished,,Kenton,2,Baja California North,Salt marsh,marsh,2018,30.465747,-115.980806,50,100,0.7,0.09,,1.32,
Adame_unpublished,,Kenton,3,Baja California North,Salt marsh,marsh,2018,30.465747,-115.980806,0,15,6.96,0.75,,0.35,
Adame_unpublished,,Kenton,3,Baja California North,Salt marsh,marsh,2018,30.465747,-115.980806,15,30,3.38,0.39,,0.57,
Adame_unpublished,,Kenton,3,Baja California North,Salt marsh,marsh,2018,30.465747,-115.980806,30,50,2.51,0.27,,1.02,
Adame_unpublished,,Kenton,3,Baja California North,Salt marsh,marsh,2018,30.465747,-115.980806,50,100,0.58,0.08,,1.53,
Adame_unpublished,,Kenton,4,Baja California North,Salt marsh,marsh,2018,30.465747,-115.980806,0,15,3.92,0.48,,0.5,
Adame_unpublished,,Kenton,4,Baja California North,Salt marsh,marsh,2018,30.465747,-115.980806,15,30,3.02,0.37,,0.7,
Adame_unpublished,,Kenton,4,Baja California North,Salt marsh,marsh,2018,30.465747,-115.980806,30,50,0.84,0.1,,1.29,
Adame_unpublished,,Kenton,4,Baja California North,Salt marsh,marsh,2018,30.465747,-115.980806,50,100,0.15,0.02,,1.94,
Adame_unpublished,,Kenton,5,Baja California North,Salt marsh,marsh,2018,30.465747,-115.980806,0,15,3.56,0.42,,0.79,
Adame_unpublished,,Kenton,5,Baja California North,Salt marsh,marsh,2018,30.465747,-115.980806,15,30,2.24,0.27,,0.87,
Adame_unpublished,,Kenton,5,Baja California North,Salt marsh,marsh,2018,30.465747,-115.980806,30,50,2.13,0.24,,1.12,
Adame_unpublished,,Kenton,5,Baja California North,Salt marsh,marsh,2018,30.465747,-115.980806,50,100,0.22,0.03,,2.32,
Adame_unpublished,,Arco,1,Baja California North,Salt marsh,marsh,2018,30.457969,-116.025869,0,15,15.56,1.6,,0.52,
Adame_unpublished,,Arco,1,Baja California North,Salt marsh,marsh,2018,30.457969,-116.025869,15,30,10.9,1.2,,0.64,
Adame_unpublished,,Arco,1,Baja California North,Salt marsh,marsh,2018,30.457969,-116.025869,30,50,8.34,1.09,,0.96,
Adame_unpublished,,Arco,1,Baja California North,Salt marsh,marsh,2018,30.457969,-116.025869,50,100,2.6,0.3,,1.27,
Adame_unpublished,,Arco,2,Baja California North,Salt marsh,marsh,2018,30.457969,-116.025869,0,15,14.5,1.34,,0.52,
Adame_unpublished,,Arco,2,Baja California North,Salt marsh,marsh,2018,30.457969,-116.025869,15,30,4.67,0.54,,0.88,
Adame_unpublished,,Arco,2,Baja California North,Salt marsh,marsh,2018,30.457969,-116.025869,30,50,11.2,1.43,,1.12,
Adame_unpublished,,Arco,2,Baja California North,Salt marsh,marsh,2018,30.457969,-116.025869,50,100,7.48,0.85,,1.32,
Adame_unpublished,,Arco,3,Baja California North,Salt marsh,marsh,2018,30.457969,-116.025869,0,15,6.55,0.63,,0.35,
Adame_unpublished,,Arco,3,Baja California North,Salt marsh,marsh,2018,30.457969,-116.025869,15,30,3.67,0.42,,0.57,
Adame_unpublished,,Arco,3,Baja California North,Salt marsh,marsh,2018,30.457969,-116.025869,30,50,2.37,0.32,,1.02,
Adame_unpublished,,Arco,3,Baja California North,Salt marsh,marsh,2018,30.457969,-116.025869,50,100,1.12,0.12,,1.53,
Adame_unpublished,,Arco,4,Baja California North,Salt marsh,marsh,2018,30.457969,-116.025869,0,15,3.24,0.34,,0.5,
Adame_unpublished,,Arco,4,Baja California North,Salt marsh,marsh,2018,30.457969,-116.025869,15,30,2.6,0.3,,0.7,
Adame_unpublished,,Arco,4,Baja California North,Salt marsh,marsh,2018,30.457969,-116.025869,30,50,1.25,0.17,,1.29,
Adame_unpublished,,Arco,4,Baja California North,Salt marsh,marsh,2018,30.457969,-116.025869,50,100,0.82,0.1,,1.94,
Adame_unpublished,,Arco,5,Baja California North,Salt marsh,marsh,2018,30.457969,-116.025869,0,15,4.01,0.37,,0.79,
Adame_unpublished,,Arco,5,Baja California North,Salt marsh,marsh,2018,30.457969,-116.025869,15,30,1.68,0.2,,0.87,
Adame_unpublished,,Arco,5,Baja California North,Salt marsh,marsh,2018,30.457969,-116.025869,30,50,1.12,0.14,,1.12,
Adame_unpublished,,Arco,5,Baja California North,Salt marsh,marsh,2018,30.457969,-116.025869,50,100,1.34,0.16,,2.32,
Adame et al. 2015,https://bg.copernicus.org/articles/12/3805/2015/,Paistalon,1,Chiapas,Mangroves,mangroves,2012,15.17869587,-86.80539547,0,15,29.25,0.94,,0.28,
Adame et al. 2015,https://bg.copernicus.org/articles/12/3805/2015/,Paistalon,1,Chiapas,Mangroves,mangroves,2012,15.17869587,-86.80539547,15,30,28.21,1.09,,0.21,
Adame et al. 2015,https://bg.copernicus.org/articles/12/3805/2015/,Paistalon,1,Chiapas,Mangroves,mangroves,2012,15.17869587,-86.80539547,30,50,26.55,0.83,,0.18,
Adame et al. 2015,https://bg.copernicus.org/articles/12/3805/2015/,Paistalon,1,Chiapas,Mangroves,mangroves,2012,15.17869587,-86.80539547,50,144,28.1,1.25,,0.13,
Adame et al. 2015,https://bg.copernicus.org/articles/12/3805/2015/,Paistalon,2,Chiapas,Mangroves,mangroves,2012,15.17869587,-86.80539547,0,15,27.2,0.9,,0.19,
Adame et al. 2015,https://bg.copernicus.org/articles/12/3805/2015/,Paistalon,2,Chiapas,Mangroves,mangroves,2012,15.17869587,-86.80539547,15,30,20.03,0.81,,0.18,
Adame et al. 2015,https://bg.copernicus.org/articles/12/3805/2015/,Paistalon,2,Chiapas,Mangroves,mangroves,2012,15.17869587,-86.80539547,30,50,14.08,0.56,,0.27,
Adame et al. 2015,https://bg.copernicus.org/articles/12/3805/2015/,Paistalon,2,Chiapas,Mangroves,mangroves,2012,15.17869587,-86.80539547,50,150,27.47,1.19,,0.14,
Adame et al. 2015,https://bg.copernicus.org/articles/12/3805/2015/,Paistalon,3,Chiapas,Mangroves,mangroves,2012,15.17869587,-86.80539547,0,15,31.02,1.03,,0.17,
Adame et al. 2015,https://bg.copernicus.org/articles/12/3805/2015/,Paistalon,3,Chiapas,Mangroves,mangroves,2012,15.17869587,-86.80539547,15,30,25.4,1.02,,0.19,
Adame et al. 2015,https://bg.copernicus.org/articles/12/3805/2015/,Paistalon,3,Chiapas,Mangroves,mangroves,2012,15.17869587,-86.80539547,30,50,6.88,0.4,,0.35,
Adame et al. 2015,https://bg.copernicus.org/articles/12/3805/2015/,Paistalon,3,Chiapas,Mangroves,mangroves,2012,15.17869587,-86.80539547,50,150,18.56,0.66,,0.18,
Adame et al. 2015,https://bg.copernicus.org/articles/12/3805/2015/,Paistalon,4,Chiapas,Mangroves,mangroves,2012,15.17869587,-86.80539547,0,15,22.53,1.08,,0.25,
Adame et al. 2015,https://bg.copernicus.org/articles/12/3805/2015/,Paistalon,4,Chiapas,Mangroves,mangroves,2012,15.17869587,-86.80539547,15,30,14.87,0.71,,0.21,
Adame et al. 2015,https://bg.copernicus.org/articles/12/3805/2015/,Paistalon,4,Chiapas,Mangroves,mangroves,2012,15.17869587,-86.80539547,30,50,18,0.73,,0.21,
Adame et al. 2015,https://bg.copernicus.org/articles/12/3805/2015/,Paistalon,4,Chiapas,Mangroves,mangroves,2012,15.17869587,-86.80539547,50,150,16.5,0.63,,0.24,
Adame et al. 2015,https://bg.copernicus.org/articles/12/3805/2015/,Paistalon,5,Chiapas,Mangroves,mangroves,2012,15.17869587,-86.80539547,0,15,23.95,0.93,,0.22,
Adame et al. 2015,https://bg.copernicus.org/articles/12/3805/2015/,Paistalon,5,Chiapas,Mangroves,mangroves,2012,15.17869587,-86.80539547,15,30,21.51,0.9,,0.17,
Adame et al. 2015,https://bg.copernicus.org/articles/12/3805/2015/,Paistalon,5,Chiapas,Mangroves,mangroves,2012,15.17869587,-86.80539547,30,50,21.21,0.82,,0.2,
Adame et al. 2015,https://bg.copernicus.org/articles/12/3805/2015/,Paistalon,5,Chiapas,Mangroves,mangroves,2012,15.17869587,-86.80539547,50,150,15.96,0.65,,0.3,
Adame et al. 2015,https://bg.copernicus.org/articles/12/3805/2015/,Paistalon,6,Chiapas,Mangroves,mangroves,2012,15.17869587,-86.80539547,0,15,18.57,0.88,,0.39,
Adame et al. 2015,https://bg.copernicus.org/articles/12/3805/2015/,Paistalon,6,Chiapas,Mangroves,mangroves,2012,15.17869587,-86.80539547,15,30,26.38,1.19,,0.16,
Adame et al. 2015,https://bg.copernicus.org/articles/12/3805/2015/,Paistalon,6,Chiapas,Mangroves,mangroves,2012,15.17869587,-86.80539547,30,50,2.4,0.15,,0.78,
Adame et al. 2015,https://bg.copernicus.org/articles/12/3805/2015/,Paistalon,6,Chiapas,Mangroves,mangroves,2012,15.17869587,-86.80539547,50,150,12.47,0.62,,0.33,
Adame et al. 2015,https://bg.copernicus.org/articles/12/3805/2015/,Esterillo,1,Chiapas,Mangroves,mangroves,2012,15.1656,-86.8288,0,15,22.09,1,,0.22,
Adame et al. 2015,https://bg.copernicus.org/articles/12/3805/2015/,Esterillo,1,Chiapas,Mangroves,mangroves,2012,15.1656,-86.8288,15,30,22.75,0.92,,0.18,
Adame et al. 2015,https://bg.copernicus.org/articles/12/3805/2015/,Esterillo,1,Chiapas,Mangroves,mangroves,2012,15.1656,-86.8288,30,50,23.32,0.82,,0.23,
Adame et al. 2015,https://bg.copernicus.org/articles/12/3805/2015/,Esterillo,1,Chiapas,Mangroves,mangroves,2012,15.1656,-86.8288,50,144,10.22,0.43,,0.33,
Adame et al. 2015,https://bg.copernicus.org/articles/12/3805/2015/,Esterillo,2,Chiapas,Mangroves,mangroves,2012,15.1656,-86.8288,0,15,22.08,0.95,,0.34,
Adame et al. 2015,https://bg.copernicus.org/articles/12/3805/2015/,Esterillo,2,Chiapas,Mangroves,mangroves,2012,15.1656,-86.8288,15,30,24.93,1.02,,0.15,
Adame et al. 2015,https://bg.copernicus.org/articles/12/3805/2015/,Esterillo,2,Chiapas,Mangroves,mangroves,2012,15.1656,-86.8288,30,50,8.57,0.43,,0.38,
Adame et al. 2015,https://bg.copernicus.org/articles/12/3805/2015/,Esterillo,2,Chiapas,Mangroves,mangroves,2012,15.1656,-86.8288,50,150,18.84,0.71,,0.25,
Adame et al. 2015,https://bg.copernicus.org/articles/12/3805/2015/,Esterillo,3,Chiapas,Mangroves,mangroves,2012,15.1656,-86.8288,0,15,21.06,1.07,,0.37,
Adame et al. 2015,https://bg.copernicus.org/articles/12/3805/2015/,Esterillo,3,Chiapas,Mangroves,mangroves,2012,15.1656,-86.8288,15,30,17.88,1.02,,0.18,
Adame et al. 2015,https://bg.copernicus.org/articles/12/3805/2015/,Esterillo,3,Chiapas,Mangroves,mangroves,2012,15.1656,-86.8288,30,50,24.14,0.91,,0.14,
Adame et al. 2015,https://bg.copernicus.org/articles/12/3805/2015/,Esterillo,3,Chiapas,Mangroves,mangroves,2012,15.1656,-86.8288,50,150,21.24,0.75,,0.2,
Adame et al. 2015,https://bg.copernicus.org/articles/12/3805/2015/,Esterillo,4,Chiapas,Mangroves,mangroves,2012,15.1656,-86.8288,0,15,23.04,0.99,,0.25,
Adame et al. 2015,https://bg.copernicus.org/articles/12/3805/2015/,Esterillo,4,Chiapas,Mangroves,mangroves,2012,15.1656,-86.8288,15,30,19.85,1.07,,0.3,
Adame et al. 2015,https://bg.copernicus.org/articles/12/3805/2015/,Esterillo,4,Chiapas,Mangroves,mangroves,2012,15.1656,-86.8288,30,50,21.18,0.78,,0.27,
Adame et al. 2015,https://bg.copernicus.org/articles/12/3805/2015/,Esterillo,4,Chiapas,Mangroves,mangroves,2012,15.1656,-86.8288,50,150,21.22,0.68,,0.32,
Adame et al. 2015,https://bg.copernicus.org/articles/12/3805/2015/,Esterillo,5,Chiapas,Mangroves,mangroves,2012,15.1656,-86.8288,0,15,24.11,1.4,,0.28,
Adame et al. 2015,https://bg.copernicus.org/articles/12/3805/2015/,Esterillo,5,Chiapas,Mangroves,mangroves,2012,15.1656,-86.8288,15,30,30.09,1.23,,0.21,
Adame et al. 2015,https://bg.copernicus.org/articles/12/3805/2015/,Esterillo,5,Chiapas,Mangroves,mangroves,2012,15.1656,-86.8288,30,50,25.04,1.12,,0.35,
Adame et al. 2015,https://bg.copernicus.org/articles/12/3805/2015/,Esterillo,5,Chiapas,Mangroves,mangroves,2012,15.1656,-86.8288,50,150,13.8,0.54,,0.33,
Adame et al. 2015,https://bg.copernicus.org/articles/12/3805/2015/,Esterillo,6,Chiapas,Mangroves,mangroves,2012,15.1656,-86.8288,0,15,23.29,1.23,,0.27,
Adame et al. 2015,https://bg.copernicus.org/articles/12/3805/2015/,Esterillo,6,Chiapas,Mangroves,mangroves,2012,15.1656,-86.8288,15,30,21.89,1.15,,0.16,
Adame et al. 2015,https://bg.copernicus.org/articles/12/3805/2015/,Esterillo,6,Chiapas,Mangroves,mangroves,2012,15.1656,-86.8288,30,50,10.15,0.49,,0.26,
Adame et al. 2015,https://bg.copernicus.org/articles/12/3805/2015/,Esterillo,6,Chiapas,Mangroves,mangroves,2012,15.1656,-86.8288,50,150,22.27,0.81,,0.22,
Adame et al. 2015,https://bg.copernicus.org/articles/12/3805/2015/,St Chila,1,Chiapas,Mangroves,mangroves,2012,15.1800871,-86.8383125,0,15,25.42,1.21,,0.17,
Adame et al. 2015,https://bg.copernicus.org/articles/12/3805/2015/,St Chila,1,Chiapas,Mangroves,mangroves,2012,15.1800871,-86.8383125,15,30,11.46,0.78,,0.24,
Adame et al. 2015,https://bg.copernicus.org/articles/12/3805/2015/,St Chila,1,Chiapas,Mangroves,mangroves,2012,15.1800871,-86.8383125,30,50,9.14,0.44,,0.42,
Adame et al. 2015,https://bg.copernicus.org/articles/12/3805/2015/,St Chila,1,Chiapas,Mangroves,mangroves,2012,15.1800871,-86.8383125,50,122,14.69,0.69,,0.39,
Adame et al. 2015,https://bg.copernicus.org/articles/12/3805/2015/,St Chila,2,Chiapas,Mangroves,mangroves,2012,15.1800871,-86.8383125,0,15,23.9,1.11,,0.21,
Adame et al. 2015,https://bg.copernicus.org/articles/12/3805/2015/,St Chila,2,Chiapas,Mangroves,mangroves,2012,15.1800871,-86.8383125,15,30,28.24,1.43,,0.16,
Adame et al. 2015,https://bg.copernicus.org/articles/12/3805/2015/,St Chila,2,Chiapas,Mangroves,mangroves,2012,15.1800871,-86.8383125,30,50,2.19,0.11,,0.76,
Adame et al. 2015,https://bg.copernicus.org/articles/12/3805/2015/,St Chila,2,Chiapas,Mangroves,mangroves,2012,15.1800871,-86.8383125,50,100,9.45,0.28,,0.55,
Adame et al. 2015,https://bg.copernicus.org/articles/12/3805/2015/,St Chila,2,Chiapas,Mangroves,mangroves,2012,15.1800871,-86.8383125,100,128,9.61,0.56,,0.57,
Adame et al. 2015,https://bg.copernicus.org/articles/12/3805/2015/,St Chila,3,Chiapas,Mangroves,mangroves,2012,15.1800871,-86.8383125,0,15,30.2,1.32,,0.11,
Adame et al. 2015,https://bg.copernicus.org/articles/12/3805/2015/,St Chila,3,Chiapas,Mangroves,mangroves,2012,15.1800871,-86.8383125,15,30,9.41,0.69,,0.31,
Adame et al. 2015,https://bg.copernicus.org/articles/12/3805/2015/,St Chila,3,Chiapas,Mangroves,mangroves,2012,15.1800871,-86.8383125,30,50,14.22,0.6,,0.32,
Adame et al. 2015,https://bg.copernicus.org/articles/12/3805/2015/,St Chila,3,Chiapas,Mangroves,mangroves,2012,15.1800871,-86.8383125,50,100,15.24,0.41,,0.42,
Adame et al. 2015,https://bg.copernicus.org/articles/12/3805/2015/,St Chila,3,Chiapas,Mangroves,mangroves,2012,15.1800871,-86.8383125,100,132,14.97,0.02,,1.17,
Adame et al. 2015,https://bg.copernicus.org/articles/12/3805/2015/,St Chila,4,Chiapas,Mangroves,mangroves,2012,15.1800871,-86.8383125,0,15,29.46,1.51,,0.21,
Adame et al. 2015,https://bg.copernicus.org/articles/12/3805/2015/,St Chila,4,Chiapas,Mangroves,mangroves,2012,15.1800871,-86.8383125,15,30,21,1.04,,0.13,
Adame et al. 2015,https://bg.copernicus.org/articles/12/3805/2015/,St Chila,4,Chiapas,Mangroves,mangroves,2012,15.1800871,-86.8383125,30,50,13.44,0.45,,0.48,
Adame et al. 2015,https://bg.copernicus.org/articles/12/3805/2015/,St Chila,4,Chiapas,Mangroves,mangroves,2012,15.1800871,-86.8383125,50,153,16.12,0.54,,0.41,
Adame et al. 2015,https://bg.copernicus.org/articles/12/3805/2015/,St Chila,5,Chiapas,Mangroves,mangroves,2012,15.1800871,-86.8383125,0,15,32.05,1.43,,0.11,
Adame et al. 2015,https://bg.copernicus.org/articles/12/3805/2015/,St Chila,5,Chiapas,Mangroves,mangroves,2012,15.1800871,-86.8383125,15,30,16.63,1.2,,0.11,
Adame et al. 2015,https://bg.copernicus.org/articles/12/3805/2015/,St Chila,5,Chiapas,Mangroves,mangroves,2012,15.1800871,-86.8383125,30,50,17.96,0.59,,0.33,
Adame et al. 2015,https://bg.copernicus.org/articles/12/3805/2015/,St Chila,5,Chiapas,Mangroves,mangroves,2012,15.1800871,-86.8383125,50,100,21.14,0.68,,0.29,
Adame et al. 2015,https://bg.copernicus.org/articles/12/3805/2015/,St Chila,5,Chiapas,Mangroves,mangroves,2012,15.1800871,-86.8383125,100,161,19.46,0.51,,0.3,
Adame et al. 2015,https://bg.copernicus.org/articles/12/3805/2015/,St Chila,6,Chiapas,Mangroves,mangroves,2012,15.1800871,-86.8383125,0,15,25.4,1.21,,0.15,
Adame et al. 2015,https://bg.copernicus.org/articles/12/3805/2015/,St Chila,6,Chiapas,Mangroves,mangroves,2012,15.1800871,-86.8383125,15,30,22.47,1.35,,0.17,
Adame et al. 2015,https://bg.copernicus.org/articles/12/3805/2015/,St Chila,6,Chiapas,Mangroves,mangroves,2012,15.1800871,-86.8383125,30,50,19.29,0.65,,0.25,
Adame et al. 2015,https://bg.copernicus.org/articles/12/3805/2015/,St Chila,6,Chiapas,Mangroves,mangroves,2012,15.1800871,-86.8383125,50,163,10.03,0.32,,0.33,
Adame et al. 2015,https://bg.copernicus.org/articles/12/3805/2015/,Las Palmas,1,Chiapas,Mangroves,mangroves,2012,15.1648,-86.8278,0,15,2.41,0.21,,0.6,
Adame et al. 2015,https://bg.copernicus.org/articles/12/3805/2015/,Las Palmas,1,Chiapas,Mangroves,mangroves,2012,15.1648,-86.8278,15,30,0.97,0.05,,1.13,
Adame et al. 2015,https://bg.copernicus.org/articles/12/3805/2015/,Las Palmas,1,Chiapas,Mangroves,mangroves,2012,15.1648,-86.8278,30,50,0.68,0.05,,1.03,
Adame et al. 2015,https://bg.copernicus.org/articles/12/3805/2015/,Las Palmas,1,Chiapas,Mangroves,mangroves,2012,15.1648,-86.8278,50,110,0.74,0.05,,1.15,
Adame et al. 2015,https://bg.copernicus.org/articles/12/3805/2015/,Las Palmas,2,Chiapas,Mangroves,mangroves,2012,15.1648,-86.8278,0,15,3.59,0.17,,0.99,
Adame et al. 2015,https://bg.copernicus.org/articles/12/3805/2015/,Las Palmas,2,Chiapas,Mangroves,mangroves,2012,15.1648,-86.8278,15,30,0.71,0.05,,1.23,
Adame et al. 2015,https://bg.copernicus.org/articles/12/3805/2015/,Las Palmas,2,Chiapas,Mangroves,mangroves,2012,15.1648,-86.8278,30,50,1.69,0.08,,1.25,
Adame et al. 2015,https://bg.copernicus.org/articles/12/3805/2015/,Las Palmas,2,Chiapas,Mangroves,mangroves,2012,15.1648,-86.8278,50,102,0.26,0.01,,1.6,
Adame et al. 2015,https://bg.copernicus.org/articles/12/3805/2015/,Las Palmas,3,Chiapas,Mangroves,mangroves,2012,15.1648,-86.8278,0,15,3.04,0.23,,0.71,
Adame et al. 2015,https://bg.copernicus.org/articles/12/3805/2015/,Las Palmas,3,Chiapas,Mangroves,mangroves,2012,15.1648,-86.8278,15,30,1.13,0.08,,1.13,
Adame et al. 2015,https://bg.copernicus.org/articles/12/3805/2015/,Las Palmas,3,Chiapas,Mangroves,mangroves,2012,15.1648,-86.8278,30,50,0.9,0.05,,1.06,
Adame et al. 2015,https://bg.copernicus.org/articles/12/3805/2015/,Las Palmas,3,Chiapas,Mangroves,mangroves,2012,15.1648,-86.8278,50,115,0.26,0.01,,1.26,
Adame et al. 2015,https://bg.copernicus.org/articles/12/3805/2015/,Las Palmas,4,Chiapas,Mangroves,mangroves,2012,15.1648,-86.8278,0,15,5.9,0.29,,0.65,
Adame et al. 2015,https://bg.copernicus.org/articles/12/3805/2015/,Las Palmas,4,Chiapas,Mangroves,mangroves,2012,15.1648,-86.8278,15,30,1.04,0.08,,1.06,
Adame et al. 2015,https://bg.copernicus.org/articles/12/3805/2015/,Las Palmas,4,Chiapas,Mangroves,mangroves,2012,15.1648,-86.8278,30,50,1.21,0.07,,0.89,
Adame et al. 2015,https://bg.copernicus.org/articles/12/3805/2015/,Las Palmas,4,Chiapas,Mangroves,mangroves,2012,15.1648,-86.8278,50,121,0.42,0.03,,0.99,
Adame et al. 2015,https://bg.copernicus.org/articles/12/3805/2015/,Las Palmas,5,Chiapas,Mangroves,mangroves,2012,15.1648,-86.8278,0,15,4.96,0.44,,0.63,
Adame et al. 2015,https://bg.copernicus.org/articles/12/3805/2015/,Las Palmas,5,Chiapas,Mangroves,mangroves,2012,15.1648,-86.8278,15,30,1.48,0.09,,1.01,
Adame et al. 2015,https://bg.copernicus.org/articles/12/3805/2015/,Las Palmas,5,Chiapas,Mangroves,mangroves,2012,15.1648,-86.8278,30,50,1.01,0.06,,1.18,
Adame et al. 2015,https://bg.copernicus.org/articles/12/3805/2015/,Las Palmas,5,Chiapas,Mangroves,mangroves,2012,15.1648,-86.8278,50,106,1.72,0.05,,1.6,
Adame et al. 2015,https://bg.copernicus.org/articles/12/3805/2015/,Las Palmas,6,Chiapas,Mangroves,mangroves,2012,15.1648,-86.8278,0,15,9.38,0.62,,0.33,
Adame et al. 2015,https://bg.copernicus.org/articles/12/3805/2015/,Las Palmas,6,Chiapas,Mangroves,mangroves,2012,15.1648,-86.8278,15,30,3.6,0.22,,0.63,
Adame et al. 2015,https://bg.copernicus.org/articles/12/3805/2015/,Las Palmas,6,Chiapas,Mangroves,mangroves,2012,15.1648,-86.8278,30,50,1.75,0.09,,1.35,
Adame et al. 2015,https://bg.copernicus.org/articles/12/3805/2015/,Las Palmas,6,Chiapas,Mangroves,mangroves,2012,15.1648,-86.8278,50,137,2.08,0.09,,1.24,
Adame et al. 2015,https://bg.copernicus.org/articles/12/3805/2015/,Tular,1,Chiapas,Hyposaline marsh,marsh,2012,15.0321,-92.7081,0,15,0.78,0.14,,0.77,
Adame et al. 2015,https://bg.copernicus.org/articles/12/3805/2015/,Tular,1,Chiapas,Hyposaline marsh,marsh,2012,15.0321,-92.7081,15,30,2.77,0.3,,0.6,
Adame et al. 2015,https://bg.copernicus.org/articles/12/3805/2015/,Tular,1,Chiapas,Hyposaline marsh,marsh,2012,15.0321,-92.7081,30,50,12.54,0.52,,0.54,
Adame et al. 2015,https://bg.copernicus.org/articles/12/3805/2015/,Tular,1,Chiapas,Hyposaline marsh,marsh,2012,15.0321,-92.7081,50,100,1.73,0.15,,0.8,
Adame et al. 2015,https://bg.copernicus.org/articles/12/3805/2015/,Tular,2,Chiapas,Hyposaline marsh,marsh,2012,15.0321,-92.7081,0,15,9.17,0.69,,0.3,
Adame et al. 2015,https://bg.copernicus.org/articles/12/3805/2015/,Tular,2,Chiapas,Hyposaline marsh,marsh,2012,15.0321,-92.7081,15,30,12.4,0.73,,0.3,
Adame et al. 2015,https://bg.copernicus.org/articles/12/3805/2015/,Tular,2,Chiapas,Hyposaline marsh,marsh,2012,15.0321,-92.7081,30,50,27.68,1.4,,0.2,
Adame et al. 2015,https://bg.copernicus.org/articles/12/3805/2015/,Tular,2,Chiapas,Hyposaline marsh,marsh,2012,15.0321,-92.7081,50,100,4.46,0.29,,0.54,
Adame et al. 2015,https://bg.copernicus.org/articles/12/3805/2015/,Tular,3,Chiapas,Hyposaline marsh,marsh,2012,15.0321,-92.7081,0,15,14.56,1.1,,0.1,
Adame et al. 2015,https://bg.copernicus.org/articles/12/3805/2015/,Tular,3,Chiapas,Hyposaline marsh,marsh,2012,15.0321,-92.7081,15,30,2.3,0.24,,0.6,
Adame et al. 2015,https://bg.copernicus.org/articles/12/3805/2015/,Tular,3,Chiapas,Hyposaline marsh,marsh,2012,15.0321,-92.7081,30,50,4.75,0.28,,0.62,
Adame et al. 2015,https://bg.copernicus.org/articles/12/3805/2015/,Tular,3,Chiapas,Hyposaline marsh,marsh,2012,15.0321,-92.7081,50,100,3.17,0.18,,0.7,
Adame et al. 2015,https://bg.copernicus.org/articles/12/3805/2015/,Tular,4,Chiapas,Hyposaline marsh,marsh,2012,15.0321,-92.7081,0,15,22.3,1.51,,0.14,
Adame et al. 2015,https://bg.copernicus.org/articles/12/3805/2015/,Tular,4,Chiapas,Hyposaline marsh,marsh,2012,15.0321,-92.7081,15,30,1.66,0.24,,0.61,
Adame et al. 2015,https://bg.copernicus.org/articles/12/3805/2015/,Tular,4,Chiapas,Hyposaline marsh,marsh,2012,15.0321,-92.7081,30,50,5.02,0.28,,0.7,
Adame et al. 2015,https://bg.copernicus.org/articles/12/3805/2015/,Tular,4,Chiapas,Hyposaline marsh,marsh,2012,15.0321,-92.7081,50,100,6.17,0.36,,0.4,
Adame et al. 2015,https://bg.copernicus.org/articles/12/3805/2015/,Tular,5,Chiapas,Hyposaline marsh,marsh,2012,15.0321,-92.7081,0,15,27.77,2.17,,0.12,
Adame et al. 2015,https://bg.copernicus.org/articles/12/3805/2015/,Tular,5,Chiapas,Hyposaline marsh,marsh,2012,15.0321,-92.7081,15,30,7.27,0.6,,0.33,
Adame et al. 2015,https://bg.copernicus.org/articles/12/3805/2015/,Tular,5,Chiapas,Hyposaline marsh,marsh,2012,15.0321,-92.7081,30,50,15.98,0.76,,0.59,
Adame et al. 2015,https://bg.copernicus.org/articles/12/3805/2015/,Tular,5,Chiapas,Hyposaline marsh,marsh,2012,15.0321,-92.7081,50,100,6.34,0.31,,0.61,
Adame et al. 2015,https://bg.copernicus.org/articles/12/3805/2015/,Tular,6,Chiapas,Hyposaline marsh,marsh,2012,15.0321,-92.7081,0,15,12.78,0.99,,0.32,
Adame et al. 2015,https://bg.copernicus.org/articles/12/3805/2015/,Tular,6,Chiapas,Hyposaline marsh,marsh,2012,15.0321,-92.7081,15,30,4.35,0.41,,0.63,
Adame et al. 2015,https://bg.copernicus.org/articles/12/3805/2015/,Tular,6,Chiapas,Hyposaline marsh,marsh,2012,15.0321,-92.7081,30,50,11.5,0.69,,0.52,
Adame et al. 2015,https://bg.copernicus.org/articles/12/3805/2015/,Tular,6,Chiapas,Hyposaline marsh,marsh,2012,15.0321,-92.7081,50,100,2.29,0.19,,0.49,