"study_id","site_id","core_id","core_date","core_latitude","core_longitude","core_position_method","salinity_class","salinity_method","vegetation_class","vegetation_method","core_length_flag","depth_min","depth_max","dry_bulk_density","fraction_organic_matter","fraction_organic_carbon","cs137_activity","cs137_activity_se","total_pb210_activity","total_pb210_activity_se","ra226_activity","ra226_activity_se","ra226_mda","excess_pb210_activity","excess_pb210_activity_se","excess_pb210_mda","age","age_se","date","fraction_CaCO3","fraction_total_nitrogen","fraction_total_phosphorus","fraction_total_lignin","delta_13C","delta_15N","ratio_ad_al_vanillyls","ratio_ad_al_syringyls","ratio_syringyls_vanillyls","ratio_p.hydroxyls_vanillyls_plus_syringyls","ratio_PON_totalP_phenols","gamma_counting_sedmass","cumulative_sedmass_atdepth","excess_pb210_inventory","excess_pb210_inventory_se","Habitat_type"
"Breithaupt_et_al_2020","NMg","CCB2","5/22/2017",26.022361,-81.734111,"handheld",NA,NA,"forested","measurement","core depth represents deposit depth",0,2,0.16,0.66,0.29,0,0.01,11.23,0.36,1.07,0.11,0.2679615,10.31,0.38,0.054893477,4.8,0.6,2012.7,0.2,0.017,0.00103,0.015,-27.66,1.35,0.23,0.19,1.99,0.08,0.19,2.1,0.16,1.65,0.06,"mangrove"
"Breithaupt_et_al_2020","NMg","CCB2","5/22/2017",26.022361,-81.734111,"handheld",NA,NA,"forested","measurement","core depth represents deposit depth",10,11,0.23,0.41,0.23,0.12,0.02,3.78,0.15,0.54,0.09,0.184403034,3.29,0.18,0.031966416,24.9,0.8,1992.6,0.26,0.013,0.00067,0.013,-27.54,1.64,0.19,0.19,0.54,0.16,0.1,2.11,1.1,0.74,0.04,"mangrove"
"Breithaupt_et_al_2020","NMg","CCB2","5/22/2017",26.022361,-81.734111,"handheld",NA,NA,"forested","measurement","core depth represents deposit depth",11,12,0.21,0.46,0.21,0.18,0.01,3,0.08,0.57,0.08,0.100001163,2.47,0.11,0.014487652,28.1,0.9,1989.4,0.26,0.012,0.00061,0.01,-27.3,1.71,0.16,0.19,0.51,0.15,0.14,2.42,1.31,0.51,0.02,"mangrove"
"Breithaupt_et_al_2020","NMg","CCB2","5/22/2017",26.022361,-81.734111,"handheld",NA,NA,"forested","measurement","core depth represents deposit depth",12,13,0.18,0.47,0.2,0.2,0.01,2.96,0.07,0.4,0.07,0.084434807,2.6,0.1,0.011573274,31.2,0.9,1986.3,0.29,0.012,0.00067,0.013,-27.27,1.69,0.18,0.21,0.49,0.15,0.14,2.41,1.49,0.47,0.02,"mangrove"
"Breithaupt_et_al_2020","NMg","CCB2","5/22/2017",26.022361,-81.734111,"handheld",NA,NA,"forested","measurement","core depth represents deposit depth",13,14,0.25,0.54,0.22,0.18,0.02,3.69,0.15,0.48,0.1,0.198589558,3.26,0.18,0.034422333,37.6,1,1979.9,0.22,0.013,0.00064,0.015,-27.21,1.7,0.17,0.21,0.53,0.14,0.13,1.96,1.74,0.81,0.05,"mangrove"
"Breithaupt_et_al_2020","NMg","CCB2","5/22/2017",26.022361,-81.734111,"handheld",NA,NA,"forested","measurement","core depth represents deposit depth",14,15,0.26,0.42,0.12,0,0,2.69,0.12,0.57,0.08,0.162954377,2.16,0.14,0.028213664,42.9,1.1,1974.6,0.2,0.007,0.00047,0.008,-27.39,1.5,0.2,0.23,0.65,0.14,0.16,2.38,2,0.57,0.04,"mangrove"
"Breithaupt_et_al_2020","NMg","CCB2","5/22/2017",26.022361,-81.734111,"handheld",NA,NA,"forested","measurement","core depth represents deposit depth",15,16,0.26,0.35,0.15,0,0,1.76,0.07,0.35,0.06,0.102312923,1.44,0.09,0.016247243,46.9,1.2,1970.6,0.24,NA,0.00027,NA,NA,NA,NA,NA,NA,NA,NA,3.05,2.26,0.37,0.02,"mangrove"
"Breithaupt_et_al_2020","NMg","CCB2","5/22/2017",26.022361,-81.734111,"handheld",NA,NA,"forested","measurement","core depth represents deposit depth",16,17,0.26,0.34,0.26,0,0.01,2.22,0.1,0.34,0.08,0.164157669,1.91,0.14,0.027836893,53.2,1.3,1964.3,0.22,0.014,3e-04,0.02,-26.56,1.86,0.21,0.2,0.84,0.12,0.09,2.24,2.51,0.49,0.03,"mangrove"
"Breithaupt_et_al_2020","NMg","CCB2","5/22/2017",26.022361,-81.734111,"handheld",NA,NA,"forested","measurement","core depth represents deposit depth",17,18,0.32,0.31,0.14,0,0,1.89,0.06,0.41,0.07,0.092123563,1.51,0.09,0.01344898,60.7,1.6,1956.8,0.19,NA,0.00042,NA,NA,NA,NA,NA,NA,NA,NA,2.69,2.83,0.48,0.03,"mangrove"
"Breithaupt_et_al_2020","NMg","CCB2","5/22/2017",26.022361,-81.734111,"handheld",NA,NA,"forested","measurement","core depth represents deposit depth",18,19,0.25,0.32,0.14,0,0,1.36,0.06,0.39,0.07,0.113178357,0.98,0.09,0.018001885,65.4,1.7,1952.1,0.23,0.008,0.00044,0.011,-26.89,1.72,0.19,0.2,0.6,0.13,0.13,2.77,3.08,0.25,0.02,"mangrove"
"Breithaupt_et_al_2020","NMg","CCB2","5/22/2017",26.022361,-81.734111,"handheld",NA,NA,"forested","measurement","core depth represents deposit depth",19,20,0.29,0.27,0.12,0,0,1.22,0.05,0.3,0.05,0.092464173,0.94,0.08,0.014974367,71.6,2,1945.9,0.19,NA,0.00021,NA,NA,NA,NA,NA,NA,NA,NA,3.55,3.37,0.28,0.02,"mangrove"
"Breithaupt_et_al_2020","NMg","CCB2","5/22/2017",26.022361,-81.734111,"handheld",NA,NA,"forested","measurement","core depth represents deposit depth",2,4,0.16,0.64,0.28,0,0.01,7.89,0.26,0.47,0.09,0.231000289,7.52,0.28,0.044266169,8.8,0.7,2008.7,0.2,0.015,0.00105,0.021,-27.8,1.28,0.19,0.2,0.87,0.15,0.16,2.11,0.32,1.22,0.05,"mangrove"
"Breithaupt_et_al_2020","NMg","CCB2","5/22/2017",26.022361,-81.734111,"handheld",NA,NA,"forested","measurement","core depth represents deposit depth",20,21,0.51,0.2,0.22,0,0,1.28,0.05,0.31,0.05,0.074477593,1,0.07,0.011253916,87.7,2.9,1929.8,0.11,0.012,0.00014,0.006,-26.55,1.96,0.18,0.18,0.96,0.1,0.16,3.67,3.88,0.51,0.04,"mangrove"
"Breithaupt_et_al_2020","NMg","CCB2","5/22/2017",26.022361,-81.734111,"handheld",NA,NA,"forested","measurement","core depth represents deposit depth",21,22,0.56,0.19,0.08,0,0,0.79,0.03,0.33,0.06,0.055095716,0.47,0.06,0.007238674,101.1,3.8,1916.4,0.12,NA,0.00017,NA,NA,NA,NA,NA,NA,NA,NA,3.19,4.44,0.27,0.03,"mangrove"
"Breithaupt_et_al_2020","NMg","CCB2","5/22/2017",26.022361,-81.734111,"handheld",NA,NA,"forested","measurement","core depth represents deposit depth",22,23,0.38,0.27,0.05,0,0,0.57,0.03,0.35,0.05,0.061287769,0.23,0.06,0.008695174,106.9,4.3,1910.6,0.15,0.003,0.00016,0.007,-26.79,1.55,0.19,0.2,0.79,0.11,0.16,3.7,4.82,0.09,0.02,"mangrove"
"Breithaupt_et_al_2020","NMg","CCB2","5/22/2017",26.022361,-81.734111,"handheld",NA,NA,"forested","measurement","core depth represents deposit depth",23,24,0.57,0.23,0.1,0,0,0.76,0.03,0.39,0.05,0.069591627,0.38,0.06,0.010087482,129.2,6.7,1888.3,0.1,NA,0.00024,NA,NA,NA,NA,NA,NA,NA,NA,3.48,5.39,0.21,0.04,"mangrove"
"Breithaupt_et_al_2020","NMg","CCB2","5/22/2017",26.022361,-81.734111,"handheld",NA,NA,"forested","measurement","core depth represents deposit depth",24,25,0.44,0.17,0.05,0,0,0.56,0.02,0.42,0.05,0.050786128,0.14,0.05,0.006831298,139.8,7.9,1877.7,0.11,0.003,0.00021,0.004,-26.78,2.28,0.19,0.18,0.7,0.1,0.16,3.76,5.83,0.06,0.02,"mangrove"
"Breithaupt_et_al_2020","NMg","CCB2","5/22/2017",26.022361,-81.734111,"handheld",NA,NA,"forested","measurement","core depth represents deposit depth",25,26,0.62,0.11,NA,0,0,0.55,0.03,0.3,0.05,0.075253253,0.25,0.06,0.011209397,NA,NA,NA,0.07,NA,NA,NA,NA,NA,NA,NA,NA,NA,NA,3.49,6.45,0.15,0.04,"mangrove"
"Breithaupt_et_al_2020","NMg","CCB2","5/22/2017",26.022361,-81.734111,"handheld",NA,NA,"forested","measurement","core depth represents deposit depth",4,6,0.17,0.59,0.26,0,0.01,7.45,0.31,0.43,0.11,0.290244941,7.13,0.33,0.059466528,13.4,0.7,2004.1,0.19,0.014,0.00095,0.014,-27.69,1.39,0.22,0.21,0.93,0.13,0.19,1.93,0.49,1.2,0.06,"mangrove"
"Breithaupt_et_al_2020","NMg","CCB2","5/22/2017",26.022361,-81.734111,"handheld",NA,NA,"forested","measurement","core depth represents deposit depth",6,8,0.18,0.56,0.26,0,0.01,4.91,0.17,0.47,0.09,0.183498125,4.5,0.19,0.031844541,16.8,0.7,2000.7,0.21,0.015,0.00101,0.011,-27.49,1.63,0.2,0.23,0.47,0.16,0.16,2.12,0.67,0.8,0.03,"mangrove"
"Breithaupt_et_al_2020","NMg","CCB2","5/22/2017",26.022361,-81.734111,"handheld",NA,NA,"forested","measurement","core depth represents deposit depth",8,10,0.21,0.55,0.25,0,0.01,4.64,0.11,0.56,0.08,0.120847952,4.14,0.14,0.01821532,20.9,0.8,1996.6,0.19,0.013,0.00084,0.013,-27.52,1.61,0.2,0.22,0.54,0.17,0.17,2.24,0.87,0.85,0.03,"mangrove"
"Breithaupt_et_al_2020","NMg","BWB1A","5/24/2017",25.923631,-81.612519,"handheld",NA,NA,"forested","measurement","core depth represents deposit depth",0,2,0.29,0.43,0.23,0,0,4.69,0.23,0.99,0.27,0.19,3.75,0.36,0.12,4.6,2.2,2012.9,0.18,0.011,0.00088,0.01,-27.37,1.93,0.42,0.34,0.93,0.11,0.17,2.45,0.29,1.07,0.1,"mangrove"
"Breithaupt_et_al_2020","NMg","BWB1A","5/24/2017",25.923631,-81.612519,"handheld",NA,NA,"forested","measurement","core depth represents deposit depth",10,11,0.27,0.37,0.16,0,0,2.51,0.1,1.27,0.26,0.08,1.26,0.29,0.05,22.5,2.9,1995,0.24,0.009,0.00083,0.008,-27.27,1.79,0.42,0.3,0.72,0.16,0.16,2.49,1.54,0.34,0.08,"mangrove"
"Breithaupt_et_al_2020","NMg","BWB1A","5/24/2017",25.923631,-81.612519,"handheld",NA,NA,"forested","measurement","core depth represents deposit depth",11,12,0.41,0.28,0.2,0,0,2.61,0.09,0.93,0.25,0.06,1.71,0.27,0.04,28.6,3.2,1988.9,0.17,0.009,0.00078,0.007,-27.29,1.78,0.44,0.3,0.79,0.15,0.15,2.62,1.94,0.69,0.11,"mangrove"
"Breithaupt_et_al_2020","NMg","BWB1A","5/24/2017",25.923631,-81.612519,"handheld",NA,NA,"forested","measurement","core depth represents deposit depth",12,13,0.39,0.29,0.14,0,0,3.05,0.14,0.66,0.27,0.13,2.44,0.31,0.08,39.6,4,1977.9,0.16,0.007,0.00078,0.006,-27.48,1.74,0.37,0.3,0.69,0.14,0.16,2.45,2.33,0.96,0.12,"mangrove"
"Breithaupt_et_al_2020","NMg","BWB1A","5/24/2017",25.923631,-81.612519,"handheld",NA,NA,"forested","measurement","core depth represents deposit depth",13,14,0.33,0.32,0.08,0,0,2.31,0.13,1.23,0.26,0.13,1.1,0.3,0.08,44.9,4.3,1972.6,0.18,0.004,0.00081,0.006,-27.63,1.6,0.37,0.28,0.75,0.15,0.15,2.5,2.66,0.36,0.1,"mangrove"
"Breithaupt_et_al_2020","NMg","BWB1A","5/24/2017",25.923631,-81.612519,"handheld",NA,NA,"forested","measurement","core depth represents deposit depth",14,15,0.33,0.3,0.1,0,0,1.74,0.11,1.42,0.29,0.11,0.33,0.31,0.07,46.7,4.2,1970.8,0.18,0.005,0.00078,0.008,-27.57,1.77,0.42,0.3,0.76,0.16,0.15,2.3,2.99,0.11,0.1,"mangrove"
"Breithaupt_et_al_2020","NMg","BWB1A","5/24/2017",25.923631,-81.612519,"handheld",NA,NA,"forested","measurement","core depth represents deposit depth",15,16,0.37,0.28,0.12,0,0,2.91,0.13,1.23,0.26,0.12,1.71,0.3,0.07,59.8,5.3,1957.7,0.16,NA,8e-04,NA,NA,NA,NA,NA,NA,NA,NA,2.5,3.36,0.63,0.11,"mangrove"
"Breithaupt_et_al_2020","NMg","BWB1A","5/24/2017",25.923631,-81.612519,"handheld",NA,NA,"forested","measurement","core depth represents deposit depth",16,17,0.38,0.3,0.14,0,0,2.63,0.13,1.04,0.3,0.12,1.61,0.33,0.07,81.3,7.8,1936.2,0.17,0.006,0.00067,0.008,-27.51,1.94,0.43,0.3,0.69,0.12,0.16,2.18,3.74,0.61,0.13,"mangrove"
"Breithaupt_et_al_2020","NMg","BWB1A","5/24/2017",25.923631,-81.612519,"handheld",NA,NA,"forested","measurement","core depth represents deposit depth",17,18,0.3,0.45,0.2,0,0,2.12,0.1,1.03,0.31,0.08,1.1,0.33,0.05,104.1,12,1913.4,0.23,NA,0.00075,NA,NA,NA,NA,NA,NA,NA,NA,2.13,4.04,0.33,0.1,"mangrove"
"Breithaupt_et_al_2020","NMg","BWB1A","5/24/2017",25.923631,-81.612519,"handheld",NA,NA,"forested","measurement","core depth represents deposit depth",18,19,0.29,0.31,0.12,0,0,1.95,0.1,1.2,0.28,0.08,0.76,0.3,0.05,143.9,27.3,1873.6,0.17,0.006,0.00071,0.007,-27.5,1.67,0.37,0.3,0.68,0.14,0.15,2.37,4.33,0.22,0.09,"mangrove"
"Breithaupt_et_al_2020","NMg","BWB1A","5/24/2017",25.923631,-81.612519,"handheld",NA,NA,"forested","measurement","core depth represents deposit depth",19,20,0.26,0.3,NA,0,0,1.49,0.11,1.15,0.28,0.11,0.35,0.3,0.07,NA,NA,NA,0.17,NA,NA,NA,NA,NA,NA,NA,NA,NA,NA,2.39,4.59,0.09,0.08,"mangrove"
"Breithaupt_et_al_2020","NMg","BWB1A","5/24/2017",25.923631,-81.612519,"handheld",NA,NA,"forested","measurement","core depth represents deposit depth",2,4,0.22,0.38,0.17,0,0,5.03,0.22,0.88,0.32,0.18,4.21,0.39,0.11,9.1,2.4,2008.4,0.21,0.009,0.00085,0.01,-27.2,1.79,0.44,0.33,0.91,0.12,0.17,2.09,0.5,0.92,0.08,"mangrove"
"Breithaupt_et_al_2020","NMg","BWB1A","5/24/2017",25.923631,-81.612519,"handheld",NA,NA,"forested","measurement","core depth represents deposit depth",4,6,0.23,0.36,0.12,0,0,4.28,0.19,1.12,0.3,0.16,3.21,0.36,0.1,13.2,2.6,2004.3,0.2,0.007,0.00087,0.008,-27.54,1.62,0.44,0.33,0.91,0.13,0.16,2.24,0.73,0.74,0.08,"mangrove"
"Breithaupt_et_al_2020","NMg","BWB1A","5/24/2017",25.923631,-81.612519,"handheld",NA,NA,"forested","measurement","core depth represents deposit depth",6,8,0.29,0.35,0.15,0,0,2.95,0.11,1.09,0.28,0.09,1.88,0.31,0.05,16.7,2.7,2000.8,0.17,0.008,0.001,0.012,-27.45,1.72,0.44,0.33,0.85,0.13,0.16,2.36,1.02,0.55,0.09,"mangrove"
"Breithaupt_et_al_2020","NMg","BWB1A","5/24/2017",25.923631,-81.612519,"handheld",NA,NA,"forested","measurement","core depth represents deposit depth",8,10,0.24,0.32,0.19,0,0,2.69,0.13,0.85,0.27,0.13,1.87,0.3,0.08,19.8,2.8,1997.7,0.18,0.01,0.00081,0.007,-27.08,1.79,0.42,0.31,0.82,0.14,0.16,2.49,1.26,0.45,0.07,"mangrove"
"Breithaupt_et_al_2020","NMg","UFU1A","5/23/2017",25.901869,-81.510819,"handheld",NA,NA,"forested","measurement","core depth represents deposit depth",0,2,0.18,0.49,0.22,-0.03,0,8.02,0.35,0.88,0.07,0.369874826,7.22,0.37,0.253432351,5.6,0.7,2011.9,0.23,0.011,0.00069,0.013,-28.57,1.4,0.32,0.28,1.23,0.13,0.13,2.17,0.37,2.67,0.14,"mangrove"
"Breithaupt_et_al_2020","NMg","UFU1A","5/23/2017",25.901869,-81.510819,"handheld",NA,NA,"forested","measurement","core depth represents deposit depth",10,11,0.21,0.38,0.22,0.17,0.02,4.72,0.18,0.98,0.05,0.247050261,3.78,0.19,0.161436795,27.8,0.7,1989.7,0.23,0.011,0.00064,0.012,-28.09,1.52,0.27,0.31,0.64,0.16,0.13,2.07,1.84,0.78,0.04,"mangrove"
"Breithaupt_et_al_2020","NMg","UFU1A","5/23/2017",25.901869,-81.510819,"handheld",NA,NA,"forested","measurement","core depth represents deposit depth",11,12,0.19,0.41,0.18,0.14,0.02,4.75,0.17,0.88,0.05,0.242037546,3.92,0.18,0.157272951,31.4,0.7,1986.1,0.23,0.01,0.00062,0.012,-28.07,1.45,0.29,0.34,0.61,0.17,0.14,1.97,2.03,0.74,0.03,"mangrove"
"Breithaupt_et_al_2020","NMg","UFU1A","5/23/2017",25.901869,-81.510819,"handheld",NA,NA,"forested","measurement","core depth represents deposit depth",12,13,0.23,0.37,0.19,0.21,0.01,4.24,0.14,0.83,0.04,0.187211092,3.45,0.15,0.121334479,35.6,0.8,1981.9,0.23,0.01,6e-04,0.011,-28.06,1.5,0.27,0.32,0.6,0.17,0.13,2.47,2.26,0.79,0.03,"mangrove"
"Breithaupt_et_al_2020","NMg","UFU1A","5/23/2017",25.901869,-81.510819,"handheld",NA,NA,"forested","measurement","core depth represents deposit depth",13,14,0.18,0.45,0.18,0.21,0.01,4.45,0.14,1.23,0.04,0.188993288,3.26,0.14,0.120908581,39.2,0.8,1978.3,0.23,0.009,0.00063,0.01,-27.88,1.51,0.26,0.33,0.51,0.17,0.13,2.05,2.44,0.58,0.03,"mangrove"
"Breithaupt_et_al_2020","NMg","UFU1A","5/23/2017",25.901869,-81.510819,"handheld",NA,NA,"forested","measurement","core depth represents deposit depth",14,15,0.2,0.31,0.18,0.22,0.02,3.82,0.16,0.92,0.05,0.238613659,2.94,0.17,0.156510785,43.3,0.9,1974.2,0.23,0.009,0.00059,0.012,-27.85,1.58,0.25,0.26,0.69,0.16,0.12,2.23,2.64,0.6,0.04,"mangrove"
"Breithaupt_et_al_2020","NMg","UFU1A","5/23/2017",25.901869,-81.510819,"handheld",NA,NA,"forested","measurement","core depth represents deposit depth",15,16,0.21,0.42,0.18,0.15,0.01,3.52,0.11,0.98,0.04,0.155872583,2.57,0.11,0.099124402,47.6,0.9,1969.9,0.23,NA,0.00059,NA,NA,NA,NA,NA,NA,NA,NA,2.28,2.85,0.55,0.02,"mangrove"
"Breithaupt_et_al_2020","NMg","UFU1A","5/23/2017",25.901869,-81.510819,"handheld",NA,NA,"forested","measurement","core depth represents deposit depth",16,17,0.2,0.37,0.19,0.44,0.03,3.52,0.18,1.21,0.06,0.266531981,2.33,0.19,0.176604353,51.9,1,1965.6,0.23,0.01,0.00064,0.011,-27.74,1.66,0.25,0.3,0.57,0.16,0.13,2.23,3.06,0.48,0.04,"mangrove"
"Breithaupt_et_al_2020","NMg","UFU1A","5/23/2017",25.901869,-81.510819,"handheld",NA,NA,"forested","measurement","core depth represents deposit depth",17,18,0.17,0.35,0.15,0.37,0.02,3.05,0.1,1.03,0.04,0.173906835,2.04,0.11,0.110692758,55.5,1,1962,0.23,NA,0.00056,NA,NA,NA,NA,NA,NA,NA,NA,2.07,3.23,0.35,0.02,"mangrove"
"Breithaupt_et_al_2020","NMg","UFU1A","5/23/2017",25.901869,-81.510819,"handheld",NA,NA,"forested","measurement","core depth represents deposit depth",18,19,0.21,0.37,0.18,0.18,0.02,3.24,0.16,1.01,0.06,0.269848701,2.27,0.17,0.176897287,61,1.1,1956.5,0.23,0.009,0.00054,0.013,-27.72,1.57,0.26,0.31,0.63,0.15,0.13,1.96,3.44,0.47,0.04,"mangrove"
"Breithaupt_et_al_2020","NMg","UFU1A","5/23/2017",25.901869,-81.510819,"handheld",NA,NA,"forested","measurement","core depth represents deposit depth",19,20,0.2,0.43,0.19,0.03,0.01,2.98,0.1,0.97,0.04,0.165110391,2.04,0.11,0.105028082,66.6,1.2,1950.9,0.23,NA,5e-04,NA,NA,NA,NA,NA,NA,NA,NA,2.16,3.63,0.4,0.02,"mangrove"
"Breithaupt_et_al_2020","NMg","UFU1A","5/23/2017",25.901869,-81.510819,"handheld",NA,NA,"forested","measurement","core depth represents deposit depth",2,4,0.15,0.47,0.24,-0.03,0,6.84,0.32,0.97,0.07,0.35478036,5.93,0.33,0.242800782,9.9,0.7,2007.6,0.23,0.012,0.00071,0.017,-28.53,1.32,0.33,0.32,0.97,0.13,0.14,2.24,0.67,1.78,0.1,"mangrove"
"Breithaupt_et_al_2020","NMg","UFU1A","5/23/2017",25.901869,-81.510819,"handheld",NA,NA,"forested","measurement","core depth represents deposit depth",20,21,0.23,0.34,0.19,-0.04,0,2.98,0.14,1.03,0.05,0.236880887,1.98,0.15,0.153334678,74.3,1.4,1943.2,0.23,0.009,0.00048,0.011,-27.43,1.62,0.28,0.32,0.65,0.13,0.13,1.92,3.86,0.45,0.03,"mangrove"
"Breithaupt_et_al_2020","NMg","UFU1A","5/23/2017",25.901869,-81.510819,"handheld",NA,NA,"forested","measurement","core depth represents deposit depth",21,22,0.22,0.43,0.19,-0.03,0,2.71,0.11,1.08,0.04,0.18831127,1.65,0.12,0.120565774,82.4,1.6,1935.1,0.23,NA,0.00046,NA,NA,NA,NA,NA,NA,NA,NA,2.09,4.09,0.37,0.03,"mangrove"
"Breithaupt_et_al_2020","NMg","UFU1A","5/23/2017",25.901869,-81.510819,"handheld",NA,NA,"forested","measurement","core depth represents deposit depth",22,23,0.23,0.32,0.17,-0.03,0,2.55,0.1,1.07,0.04,0.171124459,1.51,0.11,0.109346857,92.4,1.9,1925.1,0.23,0.008,0.00043,0.011,-27.45,1.75,0.36,0.3,0.68,0.15,0.13,2.23,4.31,0.34,0.02,"mangrove"
"Breithaupt_et_al_2020","NMg","UFU1A","5/23/2017",25.901869,-81.510819,"handheld",NA,NA,"forested","measurement","core depth represents deposit depth",23,24,0.22,0.33,NA,-0.04,0,2.48,0.07,1.1,0.03,0.133901998,1.4,0.08,0.083523376,105.3,2.7,1912.2,0.23,NA,0.00043,NA,NA,NA,NA,NA,NA,NA,NA,1.86,4.54,0.31,0.02,"mangrove"
"Breithaupt_et_al_2020","NMg","UFU1A","5/23/2017",25.901869,-81.510819,"handheld",NA,NA,"forested","measurement","core depth represents deposit depth",24,25,0.29,0.31,0.18,-0.03,0,2.09,0.13,1.08,0.06,0.274917419,1.03,0.15,0.180779396,125.9,2.8,1891.6,0.23,0.009,0.00039,0.01,-27.27,1.81,0.36,0.29,0.75,0.15,0.13,1.99,4.83,0.3,0.04,"mangrove"
"Breithaupt_et_al_2020","NMg","UFU1A","5/23/2017",25.901869,-81.510819,"handheld",NA,NA,"forested","measurement","core depth represents deposit depth",25,26,0.22,0.38,NA,-0.03,0,2,0.08,1.07,0.03,0.144075795,0.94,0.09,0.091567799,156.5,5.5,1861,0.23,NA,0.00041,NA,NA,NA,NA,NA,NA,NA,NA,2.44,5.04,0.2,0.02,"mangrove"
"Breithaupt_et_al_2020","NMg","UFU1A","5/23/2017",25.901869,-81.510819,"handheld",NA,NA,"forested","measurement","core depth represents deposit depth",26,27,NA,NA,0.17,-0.03,0,1.62,0.11,0.94,0.05,0.21548714,0.68,0.12,0.141839242,NA,NA,NA,NA,0.009,NA,NA,-27.08,1.96,0.34,0.26,0.76,0.15,0.13,2.57,5.23,0.13,0.02,"mangrove"
"Breithaupt_et_al_2020","NMg","UFU1A","5/23/2017",25.901869,-81.510819,"handheld",NA,NA,"forested","measurement","core depth represents deposit depth",4,6,0.13,0.45,0.23,-0.03,0,6.56,0.32,0.87,0.07,0.357140681,5.75,0.33,0.244686669,14,0.7,2003.5,0.23,0.011,0.00065,0.013,-28.32,1.63,0.3,0.3,0.85,0.15,0.13,2.25,0.93,1.5,0.09,"mangrove"
"Breithaupt_et_al_2020","NMg","UFU1A","5/23/2017",25.901869,-81.510819,"handheld",NA,NA,"forested","measurement","core depth represents deposit depth",6,8,0.16,0.43,0.21,0.1,0.01,5.28,0.14,0.8,0.04,0.175521862,4.53,0.15,0.11236743,18.7,0.7,1998.8,0.23,0.011,7e-04,0.01,-28.16,1.6,0.31,0.33,0.67,0.16,0.14,2.23,1.26,1.47,0.05,"mangrove"
"Breithaupt_et_al_2020","NMg","UFU1A","5/23/2017",25.901869,-81.510819,"handheld",NA,NA,"forested","measurement","core depth represents deposit depth",8,10,0.19,0.4,0.18,0.14,0.02,4.91,0.21,0.92,0.06,0.279927925,4.04,0.22,0.184350771,24.4,0.7,1993.1,0.23,0.01,0.00063,0.011,-28.23,1.44,0.32,0.35,0.61,0.17,0.14,1.99,1.63,1.53,0.08,"mangrove"
"Breithaupt_et_al_2020","SMg","WSC2A","3/13/2013",25.410108,-80.963594,"handheld","oligohaline","measurement","forested to shrub","measurement","core depth represents deposit depth",0,2,0.1,0.81,0.42,0,0,20.34,0.68,1.68,0.59,0.413684468,18.75,0.91,0.265644261,6.7,1,2006.5,0.08,0.016,0.00045,0.071,-29.17,0.66,NA,NA,NA,NA,NA,1.12,0.2,3.71,0.18,"mangrove"
"Breithaupt_et_al_2020","SMg","WSC2A","3/13/2013",25.410108,-80.963594,"handheld","oligohaline","measurement","forested to shrub","measurement","core depth represents deposit depth",10,11,0.12,0.84,0.42,0.79,0.05,12.49,0.36,1.09,0.51,0.24409413,11.47,0.63,0.149482157,52.8,2.1,1960.4,0.07,0.023,0.00069,0.003,-27.94,2.39,NA,NA,NA,NA,NA,1.29,1.13,1.39,0.08,"mangrove"
"Breithaupt_et_al_2020","SMg","WSC2A","3/13/2013",25.410108,-80.963594,"handheld","oligohaline","measurement","forested to shrub","measurement","core depth represents deposit depth",11,12,0.11,0.84,0.41,0.89,0.05,8.42,0.3,1.02,0.52,0.233422016,7.45,0.6,0.142063806,60.5,2.5,1952.7,0.07,0.023,0.00062,0.004,-27.65,1.98,NA,NA,NA,NA,NA,1.27,1.24,0.81,0.07,"mangrove"
"Breithaupt_et_al_2020","SMg","WSC2A","3/13/2013",25.410108,-80.963594,"handheld","oligohaline","measurement","forested to shrub","measurement","core depth represents deposit depth",12,13,0.11,0.84,0.43,0.46,0.04,8.48,0.3,1.49,0.59,0.238741175,7.04,0.67,0.143684707,70.1,3.1,1943.1,0.09,0.024,0.00063,0.015,-27.61,1.91,NA,NA,NA,NA,NA,1.11,1.35,0.78,0.07,"mangrove"
"Breithaupt_et_al_2020","SMg","WSC2A","3/13/2013",25.410108,-80.963594,"handheld","oligohaline","measurement","forested to shrub","measurement","core depth represents deposit depth",13,14,0.12,0.85,0.44,0,0,7.1,0.32,0.98,0.6,0.285382023,6.17,0.69,0.17452026,83.8,4.3,1929.4,0.08,0.022,0.00051,0.003,-27.44,2.39,NA,NA,NA,NA,NA,1.09,1.48,0.77,0.09,"mangrove"
"Breithaupt_et_al_2020","SMg","WSC2A","3/13/2013",25.410108,-80.963594,"handheld","oligohaline","measurement","forested to shrub","measurement","core depth represents deposit depth",14,15,0.12,0.85,0.43,0,0,5.3,0.24,1.04,0.61,0.20562592,4.3,0.67,0.121724829,97.2,5.9,1916,0.08,0.021,0.00046,0.007,-27.52,1.88,NA,NA,NA,NA,NA,1.07,1.59,0.49,0.08,"mangrove"
"Breithaupt_et_al_2020","SMg","WSC2A","3/13/2013",25.410108,-80.963594,"handheld","oligohaline","measurement","forested to shrub","measurement","core depth represents deposit depth",15,16,0.13,0.84,0.45,0,0,4.69,0.33,0.84,0.77,0.369070094,3.87,0.85,0.225988165,120.4,9.7,1892.8,0.09,0.02,0.00048,NA,-27.46,1.51,NA,NA,NA,NA,NA,0.85,1.72,0.49,0.11,"mangrove"
"Breithaupt_et_al_2020","SMg","WSC2A","3/13/2013",25.410108,-80.963594,"handheld","oligohaline","measurement","forested to shrub","measurement","core depth represents deposit depth",16,17,0.12,0.87,0.44,0,0,2.56,0.24,0.79,0.77,0.228824905,1.79,0.81,0.134256692,140.7,12.8,1872.5,0.08,0.021,0.00045,NA,-27.56,1.28,NA,NA,NA,NA,NA,0.85,1.84,0.22,0.1,"mangrove"
"Breithaupt_et_al_2020","SMg","WSC2A","3/13/2013",25.410108,-80.963594,"handheld","oligohaline","measurement","forested to shrub","measurement","core depth represents deposit depth",17,18,0.13,0.84,0.43,0,0,2.78,0.27,0.83,0.73,0.326968008,1.96,0.78,0.198845576,NA,NA,NA,NA,0.021,0.00043,NA,-27.54,1.37,NA,NA,NA,NA,NA,0.9,1.97,0.25,0.1,"mangrove"
"Breithaupt_et_al_2020","SMg","WSC2A","3/13/2013",25.410108,-80.963594,"handheld","oligohaline","measurement","forested to shrub","measurement","core depth represents deposit depth",2,4,0.11,0.83,0.41,0,0,17.23,0.45,1.36,0.58,0.276000984,15.94,0.73,0.169024603,14.6,1.1,1998.6,0.08,0.019,0.00057,0.024,-28.7,1.67,NA,NA,NA,NA,NA,1.14,0.42,3.47,0.16,"mangrove"
"Breithaupt_et_al_2020","SMg","WSC2A","3/13/2013",25.410108,-80.963594,"handheld","oligohaline","measurement","forested to shrub","measurement","core depth represents deposit depth",4,6,0.1,0.83,0.42,0,0,14.89,0.35,1.47,0.67,0.221670391,13.48,0.76,0.131035281,22.7,1.3,1990.5,0.09,0.021,0.00063,0.019,-28.19,2.22,NA,NA,NA,NA,NA,0.97,0.62,2.82,0.16,"mangrove"
"Breithaupt_et_al_2020","SMg","WSC2A","3/13/2013",25.410108,-80.963594,"handheld","oligohaline","measurement","forested to shrub","measurement","core depth represents deposit depth",6,8,0.1,0.81,0.41,0.34,0.03,14.42,0.4,1.71,0.53,0.25306965,12.77,0.66,0.155124932,32.6,1.5,1980.6,0.06,0.023,0.00068,0.002,-28.09,2.39,NA,NA,NA,NA,NA,1.25,0.83,2.57,0.13,"mangrove"
"Breithaupt_et_al_2020","SMg","WSC2A","3/13/2013",25.410108,-80.963594,"handheld","oligohaline","measurement","forested to shrub","measurement","core depth represents deposit depth",8,10,0.09,0.83,0.41,0.97,0.06,11.18,0.41,0.92,0.66,0.316655707,10.32,0.78,0.193793684,42.8,1.7,1970.4,0.07,0.024,0.00071,0.009,-27.71,2.52,NA,NA,NA,NA,NA,0.99,1.01,1.93,0.15,"mangrove"
"Breithaupt_et_al_2020","SMs","WSC2B","3/13/2013",25.410108,-80.963286,"handheld","oligohaline","measurement","emergent","measurement","core depth represents deposit depth",0,2,0.1,0.81,0.43,0,0,33.75,0.6,1.57,0.55,0.267981539,33.13,0.84,0.16452531,15.7,1,1997.5,0.08,0.025,0.00083,0.018,-27.58,3.41,NA,NA,NA,NA,NA,1.2,0.2,6.55,0.17,"marsh"
"Breithaupt_et_al_2020","SMs","WSC2B","3/13/2013",25.410108,-80.963286,"handheld","oligohaline","measurement","emergent","measurement","core depth represents deposit depth",10,11,NA,0.87,0.47,0,0,1.53,0.19,0.77,0.61,0.182908611,0.78,0.66,0.107326799,NA,NA,NA,NA,NA,0.00022,NA,-27.03,1.35,NA,NA,NA,NA,NA,1.07,1.13,0.1,0.08,"marsh"
"Breithaupt_et_al_2020","SMs","WSC2B","3/13/2013",25.410108,-80.963286,"handheld","oligohaline","measurement","emergent","measurement","core depth represents deposit depth",2,4,0.11,0.83,0.43,0.34,0.03,20.99,0.38,1.51,0.48,0.192996217,20.05,0.63,0.116072855,33.3,1.3,1979.9,0.08,0.026,0.00078,0.013,-27.47,3.45,NA,NA,NA,NA,NA,1.36,0.42,4.36,0.14,"marsh"
"Breithaupt_et_al_2020","SMs","WSC2B","3/13/2013",25.410108,-80.963286,"handheld","oligohaline","measurement","emergent","measurement","core depth represents deposit depth",4,6,0.1,0.83,0.43,1.38,0.06,17.97,0.42,1.07,0.52,0.238689712,17.4,0.69,0.145524439,63.4,2.2,1949.8,0.09,0.026,0.00088,0.013,-26.96,3.19,NA,NA,NA,NA,NA,1.26,0.62,3.64,0.14,"marsh"
"Breithaupt_et_al_2020","SMs","WSC2B","3/13/2013",25.410108,-80.963286,"handheld","oligohaline","measurement","emergent","measurement","core depth represents deposit depth",6,8,0.1,0.81,0.43,0.53,0.03,10,0.24,0.68,0.5,0.152470545,9.6,0.57,0.089583668,119.8,7.8,1893.4,0.06,0.026,0.00067,0.014,-26.71,2.38,NA,NA,NA,NA,NA,1.31,0.83,1.93,0.11,"marsh"
"Breithaupt_et_al_2020","SMs","WSC2B","3/13/2013",25.410108,-80.963286,"handheld","oligohaline","measurement","emergent","measurement","core depth represents deposit depth",8,10,0.09,0.83,0.46,0,0,2.35,0.19,0.74,0.47,0.216278019,1.65,0.52,0.13183689,166.2,0.6,1847,0.07,0.024,0.00027,NA,-27.29,1.32,NA,NA,NA,NA,NA,1.39,1.01,0.31,0.1,"marsh"
"Breithaupt_et_al_2020","SMg","WSC8A","3/14/2013",25.42345,-81.060336,"handheld","mesohaline","measurement","forested","measurement","core depth represents deposit depth",0,2,0.17,0.7,0.31,0,0.01,10.9,0.34,1.01,0.12,0.273780072,10.02,0.36,0.053070959,3.9,0.6,2009.3,0.17,0.019,0.00107,0.015,-28.27,1.66,NA,NA,NA,NA,NA,1.82,0.33,0.12,25.56,"mangrove"
"Breithaupt_et_al_2020","SMg","WSC8A","3/14/2013",25.42345,-81.060336,"handheld","mesohaline","measurement","forested","measurement","core depth represents deposit depth",10,12,0.15,0.63,0.27,0.71,0.06,6.97,0.32,1.44,0.14,0.345934182,5.61,0.35,0.069186863,31.4,0.8,1981.8,0.19,0.015,0.00125,0.007,-27.54,1.9,NA,NA,NA,NA,NA,1.54,2.19,0.1,10.85,"mangrove"
"Breithaupt_et_al_2020","SMg","WSC8A","3/14/2013",25.42345,-81.060336,"handheld","mesohaline","measurement","forested","measurement","core depth represents deposit depth",12,13,0.22,0.62,0.28,0.55,0.05,6.92,0.31,1.3,0.13,0.320692564,5.68,0.34,0.066033554,35.4,0.8,1977.8,0.2,0.015,0.00111,0.005,-27.52,1.72,NA,NA,NA,NA,NA,1.77,2.41,0.08,9.58,"mangrove"
"Breithaupt_et_al_2020","SMg","WSC8A","3/14/2013",25.42345,-81.060336,"handheld","mesohaline","measurement","forested","measurement","core depth represents deposit depth",13,14,0.16,0.57,0.29,0.63,0.06,6.44,0.32,1.2,0.14,0.351115968,5.31,0.35,0.073032065,38.5,0.8,1974.7,0.19,0.015,0.00115,0.008,-27.39,1.79,NA,NA,NA,NA,NA,1.65,2.57,0.06,8.71,"mangrove"
"Breithaupt_et_al_2020","SMg","WSC8A","3/14/2013",25.42345,-81.060336,"handheld","mesohaline","measurement","forested","measurement","core depth represents deposit depth",14,15,0.14,0.61,0.3,0.49,0.03,6.22,0.2,1.28,0.16,0.253133594,5.01,0.25,0.039889121,41.2,0.9,1972,0.22,0.015,0.00094,0.009,-27.48,1.75,NA,NA,NA,NA,NA,1.21,2.72,0.04,7.99,"mangrove"
"Breithaupt_et_al_2020","SMg","WSC8A","3/14/2013",25.42345,-81.060336,"handheld","mesohaline","measurement","forested","measurement","core depth represents deposit depth",15,16,0.18,0.67,0.29,0.65,0.05,6.15,0.26,1.54,0.18,0.359891853,4.67,0.32,0.062832947,44.8,0.9,1968.4,0.25,0.014,0.00099,0.013,-27.41,1.87,NA,NA,NA,NA,NA,1.1,2.9,0.06,7.14,"mangrove"
"Breithaupt_et_al_2020","SMg","WSC8A","3/14/2013",25.42345,-81.060336,"handheld","mesohaline","measurement","forested","measurement","core depth represents deposit depth",16,17,0.17,0.63,0.29,0.35,0.04,5.29,0.24,1.24,0.17,0.352295891,4.1,0.3,0.061847982,48.2,1,1965,0.2,0.015,0.00093,0.006,-27.1,2.03,NA,NA,NA,NA,NA,1.14,3.07,0.05,6.43,"mangrove"
"Breithaupt_et_al_2020","SMg","WSC8A","3/14/2013",25.42345,-81.060336,"handheld","mesohaline","measurement","forested","measurement","core depth represents deposit depth",17,18,0.16,0.68,0.3,-0.01,0.01,4.8,0.14,1.32,0.15,0.193473005,3.55,0.2,0.028107275,51.3,1,1961.9,0.19,0.014,0.00084,0.011,-27.13,1.94,NA,NA,NA,NA,NA,1.26,3.24,0.03,5.85,"mangrove"
"Breithaupt_et_al_2020","SMg","WSC8A","3/14/2013",25.42345,-81.060336,"handheld","mesohaline","measurement","forested","measurement","core depth represents deposit depth",18,19,0.17,0.67,0.32,-0.01,0.01,4.77,0.2,1.05,0.2,0.33241212,3.78,0.29,0.052686368,55,1.1,1958.2,0.2,0.013,8e-04,0.012,-27.45,2.05,NA,NA,NA,NA,NA,0.94,3.41,0.05,5.2,"mangrove"
"Breithaupt_et_al_2020","SMg","WSC8A","3/14/2013",25.42345,-81.060336,"handheld","mesohaline","measurement","forested","measurement","core depth represents deposit depth",19,20,0.18,0.64,0.31,-0.01,0.01,4.91,0.17,1.23,0.17,0.249366339,3.75,0.24,0.037905595,59.5,1.2,1953.7,0.18,0.014,0.00084,0.013,-27.29,1.96,NA,NA,NA,NA,NA,1.11,3.59,0.04,4.52,"mangrove"
"Breithaupt_et_al_2020","SMg","WSC8A","3/14/2013",25.42345,-81.060336,"handheld","mesohaline","measurement","forested","measurement","core depth represents deposit depth",2,4,0.17,0.64,0.28,0,0.01,10.25,0.34,1.14,0.11,0.268650131,9.23,0.36,0.053549912,8.1,0.6,2005.1,0.19,0.013,0.00096,0.007,-27.65,1.91,NA,NA,NA,NA,NA,1.97,0.67,0.12,22.41,"mangrove"
"Breithaupt_et_al_2020","SMg","WSC8A","3/14/2013",25.42345,-81.060336,"handheld","mesohaline","measurement","forested","measurement","core depth represents deposit depth",20,21,0.18,0.65,0.3,-0.01,0.01,4.7,0.18,1.21,0.19,0.295812334,3.54,0.27,0.045096658,64.5,1.4,1948.7,0.17,0.014,0.00082,0.011,-27.29,2.21,NA,NA,NA,NA,NA,0.95,3.77,0.05,3.87,"mangrove"
"Breithaupt_et_al_2020","SMg","WSC8A","3/14/2013",25.42345,-81.060336,"handheld","mesohaline","measurement","forested","measurement","core depth represents deposit depth",21,22,0.24,0.65,0.31,-0.01,0.01,4.56,0.18,1.22,0.23,0.33825042,3.39,0.3,0.050820837,72,1.5,1941.2,0.16,0.014,0.00082,0.006,-27.18,2.17,NA,NA,NA,NA,NA,0.79,4.01,0.07,3.06,"mangrove"
"Breithaupt_et_al_2020","SMg","WSC8A","3/14/2013",25.42345,-81.060336,"handheld","mesohaline","measurement","forested","measurement","core depth represents deposit depth",22,23,0.21,0.67,0.3,-0.01,0.01,3.66,0.17,1.11,0.19,0.316895729,2.59,0.26,0.050647137,78.2,1.7,1935,0.16,0.014,0.00079,0.009,-27.19,2.32,NA,NA,NA,NA,NA,1,4.22,0.05,2.53,"mangrove"
"Breithaupt_et_al_2020","SMg","WSC8A","3/14/2013",25.42345,-81.060336,"handheld","mesohaline","measurement","forested","measurement","core depth represents deposit depth",23,24,0.18,0.66,0.3,-0.01,0.01,3.45,0.15,1.37,0.15,0.249542701,2.11,0.21,0.040075225,83.4,1.9,1929.8,0.2,0.014,0.00085,0.006,-26.93,2.57,NA,NA,NA,NA,NA,1.29,4.4,0.04,2.15,"mangrove"
"Breithaupt_et_al_2020","SMg","WSC8A","3/14/2013",25.42345,-81.060336,"handheld","mesohaline","measurement","forested","measurement","core depth represents deposit depth",24,25,0.2,0.62,0.31,-0.01,0.01,3.77,0.18,1.29,0.2,0.342465776,2.53,0.28,0.054488692,92,2.1,1921.2,0.16,0.014,8e-04,0.008,-27.07,2.57,NA,NA,NA,NA,NA,0.92,4.6,0.06,1.65,"mangrove"
"Breithaupt_et_al_2020","SMg","WSC8A","3/14/2013",25.42345,-81.060336,"handheld","mesohaline","measurement","forested","measurement","core depth represents deposit depth",25,26,0.27,0.54,0.29,-0.01,0.01,3.37,0.14,1.42,0.18,0.268412285,1.99,0.24,0.040272228,104.8,2.5,1908.4,0.11,0.014,0.00084,0.007,-27.13,3.35,NA,NA,NA,NA,NA,1,4.87,0.06,1.11,"mangrove"
"Breithaupt_et_al_2020","SMg","WSC8A","3/14/2013",25.42345,-81.060336,"handheld","mesohaline","measurement","forested","measurement","core depth represents deposit depth",26,27,0.25,0.51,0.3,0,0.01,2.96,0.08,1.47,0.11,0.128729991,1.51,0.14,0.017706224,118.3,3.5,1894.9,0.11,0.013,0.00078,0.012,-27.3,3.02,NA,NA,NA,NA,NA,1.6,5.12,0.04,0.72,"mangrove"
"Breithaupt_et_al_2020","SMg","WSC8A","3/14/2013",25.42345,-81.060336,"handheld","mesohaline","measurement","forested","measurement","core depth represents deposit depth",27,28,0.21,0.67,0.32,0,0.01,3.17,0.14,1.63,0.14,0.240770671,1.58,0.21,0.038586019,138.1,5.4,1875.1,0.14,0.014,0.00081,0.006,-27.4,2.04,NA,NA,NA,NA,NA,1.33,5.33,0.04,0.39,"mangrove"
"Breithaupt_et_al_2020","SMg","WSC8A","3/14/2013",25.42345,-81.060336,"handheld","mesohaline","measurement","forested","measurement","core depth represents deposit depth",28,29,0.2,0.64,0.3,-0.01,0.01,2.56,0.09,1.81,0.15,0.179348317,0.77,0.18,0.025263952,154.6,7.5,1858.6,0.12,0.012,0.00079,0.01,-27.29,2.13,NA,NA,NA,NA,NA,1.24,5.54,0.04,0.23,"mangrove"
"Breithaupt_et_al_2020","SMg","WSC8A","3/14/2013",25.42345,-81.060336,"handheld","mesohaline","measurement","forested","measurement","core depth represents deposit depth",29,30,0.23,0.58,0.34,0,0.01,2.26,0.12,1.44,0.14,0.228915469,0.83,0.18,0.036760156,205.9,24.6,1807.3,0.11,NA,0.00071,0.006,-27.61,1.34,NA,NA,NA,NA,NA,1.4,5.76,0.04,0.05,"mangrove"
"Breithaupt_et_al_2020","SMg","WSC8A","3/14/2013",25.42345,-81.060336,"handheld","mesohaline","measurement","forested","measurement","core depth represents deposit depth",30,31,0.25,0.64,NA,0,0.01,2.02,0.07,1.83,0.12,0.137104234,0.19,0.14,0.018819267,NA,NA,NA,0.12,NA,NA,NA,NA,NA,NA,NA,NA,NA,NA,1.49,6.01,0.04,0,"mangrove"
"Breithaupt_et_al_2020","SMg","WSC8A","3/14/2013",25.42345,-81.060336,"handheld","mesohaline","measurement","forested","measurement","core depth represents deposit depth",4,6,0.22,0.57,0.29,-0.01,0.01,10.34,0.33,1.47,0.16,0.331916677,8.98,0.38,0.058733959,14.4,0.7,1998.8,0.24,0.014,0.00097,0.005,-28.18,1.87,NA,NA,NA,NA,NA,1.23,1.11,0.17,18.45,"mangrove"
"Breithaupt_et_al_2020","SMg","WSC8A","3/14/2013",25.42345,-81.060336,"handheld","mesohaline","measurement","forested","measurement","core depth represents deposit depth",6,8,0.22,0.66,0.28,0.26,0.02,9.82,0.19,1.23,0.11,0.163643256,8.71,0.22,0.024661321,21.7,0.7,1991.5,0.16,0.015,0.00102,0.008,-27.67,1.89,NA,NA,NA,NA,NA,1.66,1.55,0.1,14.67,"mangrove"
"Breithaupt_et_al_2020","SMg","WSC8A","3/14/2013",25.42345,-81.060336,"handheld","mesohaline","measurement","forested","measurement","core depth represents deposit depth",8,10,0.17,0.63,0.29,0.4,0.04,7.48,0.34,1.29,0.15,0.367242754,6.27,0.37,0.073869098,26.9,0.8,1986.3,0.19,0.015,0.00102,0.004,-27.57,1.9,NA,NA,NA,NA,NA,1.47,1.89,0.13,12.5,"mangrove"
"Breithaupt_et_al_2020","SMs","WSC8B","3/14/2013",25.421289,-81.059667,"handheld","oligohaline","measurement","emergent","measurement","core depth represents deposit depth",0,2,0.08,0.78,0.36,0,0,12.69,0.28,0.2,0.42,0.165491467,12.91,0.52,0.099341513,7.5,1.7,2005.7,0.23,0.022,0.00069,0.016,-28.02,0.06,NA,NA,NA,NA,NA,1.55,0.16,2.03,0.08,"marsh"
"Breithaupt_et_al_2020","SMs","WSC8B","3/14/2013",25.421289,-81.059667,"handheld","oligohaline","measurement","emergent","measurement","core depth represents deposit depth",10,11,0.15,0.79,0.41,0,0,2.64,0.19,0.54,0.45,0.217271263,2.17,0.51,0.13320091,85.1,10.4,1928.1,0.18,0.021,0.00023,0.014,-27.43,0.6,NA,NA,NA,NA,NA,1.46,1.07,0.33,0.08,"marsh"
"Breithaupt_et_al_2020","SMs","WSC8B","3/14/2013",25.421289,-81.059667,"handheld","oligohaline","measurement","emergent","measurement","core depth represents deposit depth",11,12,0.16,0.79,0.4,0,0,1.73,0.15,0.47,0.4,0.162252935,1.3,0.44,0.09763626,96.4,14,1916.8,0.15,0.021,0.00024,0.01,-27.4,2.01,NA,NA,NA,NA,NA,1.63,1.22,0.2,0.07,"marsh"
"Breithaupt_et_al_2020","SMs","WSC8B","3/14/2013",25.421289,-81.059667,"handheld","oligohaline","measurement","emergent","measurement","core depth represents deposit depth",12,13,0.15,0.79,0.4,0,0,1.36,0.18,0.14,0.5,0.231982796,1.26,0.55,0.141527381,112.1,21,1901.1,0.15,0.021,0.00025,0.013,-27.47,3.32,NA,NA,NA,NA,NA,1.31,1.37,0.19,0.08,"marsh"
"Breithaupt_et_al_2020","SMs","WSC8B","3/14/2013",25.421289,-81.059667,"handheld","oligohaline","measurement","emergent","measurement","core depth represents deposit depth",13,14,0.16,0.79,0.39,0,0,1.31,0.16,0.31,0.52,0.156318126,1.04,0.56,0.091751232,137.3,40.9,1875.9,0.15,0.02,0.00022,0.007,-27.4,2.13,NA,NA,NA,NA,NA,1.26,1.53,0.16,0.09,"marsh"
"Breithaupt_et_al_2020","SMs","WSC8B","3/14/2013",25.421289,-81.059667,"handheld","oligohaline","measurement","emergent","measurement","core depth represents deposit depth",2,4,0.09,0.8,0.38,0,0,13.44,0.24,0.37,0.44,0.13022541,13.53,0.52,0.07635704,20.4,2.1,1992.8,0.17,0.021,0.00052,0.024,-27.53,1.62,NA,NA,NA,NA,NA,1.49,0.35,2.56,0.1,"marsh"
"Breithaupt_et_al_2020","SMs","WSC8B","3/14/2013",25.421289,-81.059667,"handheld","oligohaline","measurement","emergent","measurement","core depth represents deposit depth",4,6,0.1,0.79,0.39,1.04,0.06,10.68,0.33,0.14,0.48,0.230902736,10.91,0.6,0.14141462,37.4,3.1,1975.8,0.17,0.02,3e-04,0.011,-26.67,2.24,NA,NA,NA,NA,NA,1.36,0.54,2.12,0.12,"marsh"
"Breithaupt_et_al_2020","SMs","WSC8B","3/14/2013",25.421289,-81.059667,"handheld","oligohaline","measurement","emergent","measurement","core depth represents deposit depth",6,9,0.07,0.79,0.39,1.48,0.06,6.35,0.25,0.2,0.51,0.203078198,6.36,0.59,0.122020002,54.3,4.6,1958.9,0.17,0.021,0.00037,0.015,-26.61,1.49,NA,NA,NA,NA,NA,1.28,0.74,1.25,0.11,"marsh"
"Breithaupt_et_al_2020","SMs","WSC8B","3/14/2013",25.421289,-81.059667,"handheld","oligohaline","measurement","emergent","measurement","core depth represents deposit depth",9,10,0.18,0.79,0.39,0.2,0.01,4.3,0.16,0.07,0.44,0.11781734,4.38,0.48,0.068592779,72.7,7.5,1940.5,0.17,0.021,0.00028,0.012,-27.01,0.06,NA,NA,NA,NA,NA,1.49,0.92,0.78,0.09,"marsh"
